id,name,kind,domain,file,entry_point,predicts,inputs_tables,inputs_features,upstream_models,technique,evaluation_harness,tests,measured_results,known_failures,improvement_options,status,point_in_time_safe,reads_closing_market,last_verified
nfl_ai_replay_candidate_cache,nfl_ai_replay_candidate_cache,data_table,infra,server/db/schema/nfl-a-to-m.js,server/db/schema/nfl-a-to-m.js:83,n/a (raw storage table),derived,unknown (not found),n/a,none,n/a,unknown (not found),unmeasured,not read by the live NFL pick path; consumed only outside it by: server/services/nfl-ai-replay.js,unknown (not found),live,"partial (only a generic timestamp column, not confirmed as a receipt clock: created_at)",n/a,2026-09-16
nfl_ai_replay_reviews,nfl_ai_replay_reviews,data_table,infra,server/db/schema/nfl-a-to-m.js,server/db/schema/nfl-a-to-m.js:78,n/a (raw storage table),derived,unknown (not found),n/a,none,n/a,unknown (not found),unmeasured,not read by the live NFL pick path; consumed only outside it by: server/services/nfl-ai-replay.js,unknown (not found),live,no (no clock column of any kind),n/a,2026-09-16
nfl_ai_replay_runs,nfl_ai_replay_runs,data_table,infra,server/db/schema/nfl-a-to-m.js,server/db/schema/nfl-a-to-m.js:73,n/a (raw storage table),derived,unknown (not found),n/a,none,n/a,unknown (not found),unmeasured,not read by the live NFL pick path; consumed only outside it by: server/scripts/run-nfl-ai-replay.js;server/services/nfl-ai-replay.js;server/services/nfl-evidence.js;server/services/nfl-profitability.js,unknown (not found),live,"partial (only a generic timestamp column, not confirmed as a receipt clock: created_at)",n/a,2026-09-16
nfl_alt_spread_captures,nfl_alt_spread_captures,data_table,market,server/migrations/035_alt_spread_capture.js,server/migrations/035_alt_spread_capture.js:70,n/a (raw storage table),odds API (direct book scrapes / Odds API / SportsGameOdds),unknown (not found),n/a,none,n/a,unknown (not found),unmeasured,not read by the live NFL pick path; consumed only outside it by: server/migrations/035_alt_spread_capture.js;server/services/alt-spread-import.js,unknown (not found),live,yes (has capture/receipt clock column: captured_at),n/a,2026-09-16
nfl_alt_spread_quotes,nfl_alt_spread_quotes,data_table,market,server/migrations/035_alt_spread_capture.js,server/migrations/035_alt_spread_capture.js:104,n/a (raw storage table),odds API (direct book scrapes / Odds API / SportsGameOdds),unknown (not found),n/a,none,n/a,unknown (not found),unmeasured,not read by the live NFL pick path; consumed only outside it by: server/migrations/035_alt_spread_capture.js;server/services/alt-spread-import.js;scripts/import-alt-spreads.mjs,unknown (not found),live,yes (has capture/receipt clock column: captured_at),n/a,2026-09-16
nfl_auto_picks,nfl_auto_picks,data_table,infra,server/db/schema/nfl-a-to-m.js,server/db/schema/nfl-a-to-m.js:90,n/a (raw storage table),internal-ledger,unknown (not found),n/a,none,n/a,unknown (not found),unmeasured,in the live pick path via: server/services/nfl-auto-picks.js,unknown (not found),live,no (no clock column of any kind),n/a,2026-09-16
nfl_bet_log,nfl_bet_log,data_table,infra,server/db/schema/nfl-a-to-m.js,server/db/schema/nfl-a-to-m.js:191,n/a (raw storage table),internal-ledger,unknown (not found),n/a,none,n/a,unknown (not found),unmeasured,in the live pick path via: server/services/clv-core.js;server/services/nfl-sharp.js,unknown (not found),live,no (no clock column of any kind),n/a,2026-09-16
nfl_blind_audit_retries,nfl_blind_audit_retries,data_table,infra,server/db/schema/nfl-a-to-m.js,server/db/schema/nfl-a-to-m.js:173,n/a (raw storage table),derived,unknown (not found),n/a,none,n/a,unknown (not found),unmeasured,not read by the live NFL pick path; consumed only outside it by: server/services/nfl-blind-audit.js,unknown (not found),live,no (no clock column of any kind),n/a,2026-09-16
nfl_blind_audit_runs,nfl_blind_audit_runs,data_table,infra,server/db/schema/nfl-a-to-m.js,server/db/schema/nfl-a-to-m.js:131,n/a (raw storage table),derived,unknown (not found),n/a,none,n/a,unknown (not found),unmeasured,in the live pick path via: server/services/nfl-candidate-findings.js,unknown (not found),live,"partial (only a generic timestamp column, not confirmed as a receipt clock: created_at)",n/a,2026-09-16
nfl_blind_audit_week_performance,nfl_blind_audit_week_performance,data_table,infra,server/db/schema/nfl-a-to-m.js,server/db/schema/nfl-a-to-m.js:163,n/a (raw storage table),derived,unknown (not found),n/a,none,n/a,unknown (not found),unmeasured,not read by the live NFL pick path; consumed only outside it by: server/services/nfl-blind-audit.js,unknown (not found),live,no (no clock column of any kind),n/a,2026-09-16
nfl_blind_audit_weeks,nfl_blind_audit_weeks,data_table,infra,server/db/schema/nfl-a-to-m.js,server/db/schema/nfl-a-to-m.js:143,n/a (raw storage table),derived,unknown (not found),n/a,none,n/a,unknown (not found),unmeasured,not read by the live NFL pick path; consumed only outside it by: server/services/nfl-audit-overview.js;server/services/nfl-blind-audit.js;scripts/nfl-2022-2025-rebuild.mjs,unknown (not found),live,no (no clock column of any kind),n/a,2026-09-16
nfl_blind_input_mutations,nfl_blind_input_mutations,data_table,infra,server/db/schema/nfl-a-to-m.js,server/db/schema/nfl-a-to-m.js:157,n/a (raw storage table),derived,unknown (not found),n/a,none,n/a,unknown (not found),unmeasured,not read by the live NFL pick path; consumed only outside it by: server/betting/nfl/strategy/teaser-leg-rates.js;server/migrations/053_nfl_news_signals_versioning.js;server/services/nfl-blind-audit.js;scripts/_prepare-validation-db.mjs,unknown (not found),live,no (no clock column of any kind),n/a,2026-09-16
nfl_cached_reports,nfl_cached_reports,data_table,infra,server/db/schema/mlb-model-misc.js,server/db/schema/mlb-model-misc.js:644,n/a (raw storage table),derived,unknown (not found),n/a,none,n/a,unknown (not found),unmeasured,not read by the live NFL pick path; consumed only outside it by: server/services/report-cache.js,unknown (not found),live,no (no clock column of any kind),n/a,2026-09-16
nfl_candidate_finding_seasons,nfl_candidate_finding_seasons,data_table,infra,server/migrations/024_candidate_findings.js,server/migrations/024_candidate_findings.js:56,n/a (raw storage table),derived,unknown (not found),n/a,none,n/a,unknown (not found),unmeasured,in the live pick path via: server/services/nfl-candidate-findings.js,unknown (not found),live,no (no clock column of any kind),n/a,2026-09-16
nfl_candidate_findings,nfl_candidate_findings,data_table,infra,server/migrations/024_candidate_findings.js,server/migrations/024_candidate_findings.js:29,n/a (raw storage table),nflverse,unknown (not found),n/a,none,n/a,unknown (not found),unmeasured,in the live pick path via: server/services/nfl-candidate-findings.js,unknown (not found),live,no (no clock column of any kind),n/a,2026-09-16
nfl_candidate_input_audits,nfl_candidate_input_audits,data_table,infra,server/db/schema/nfl-n-to-z.js,server/db/schema/nfl-n-to-z.js:452,n/a (raw storage table),derived,unknown (not found),n/a,none,n/a,unknown (not found),unmeasured,in the live pick path via: server/services/nfl-replay.js,unknown (not found),live,"partial (only a generic timestamp column, not confirmed as a receipt clock: created_at)",n/a,2026-09-16
nfl_candidate_robustness_audits,nfl_candidate_robustness_audits,data_table,infra,server/db/schema/nfl-a-to-m.js,server/db/schema/nfl-a-to-m.js:178,n/a (raw storage table),derived,unknown (not found),n/a,none,n/a,unknown (not found),unmeasured,not read by the live NFL pick path; consumed only outside it by: server/migrations/048_research_trials_detail.js;server/services/nfl-candidate-analysis.js;scripts/backfill-historical-trial-registry.mjs,unknown (not found),live,"partial (only a generic timestamp column, not confirmed as a receipt clock: created_at)",n/a,2026-09-16
nfl_capacity_events,nfl_capacity_events,data_table,infra,server/migrations/034_t60_runner_ledger.js,server/migrations/034_t60_runner_ledger.js:62,n/a (raw storage table),internal-ledger,unknown (not found),n/a,none,n/a,unknown (not found),unmeasured,not read by the live NFL pick path; consumed only outside it by: server/betting/nfl/strategy/t60-runner.js;server/migrations/034_t60_runner_ledger.js;server/migrations/036_t60_packet_body.js,unknown (not found),live,no (no clock column of any kind),n/a,2026-09-16
nfl_capture_triggers,nfl_capture_triggers,data_table,infra,server/migrations/014_profit_execution_triggers.js,server/migrations/014_profit_execution_triggers.js:6,n/a (raw storage table),internal-ledger,unknown (not found),n/a,none,n/a,unknown (not found),unmeasured,not read by the live NFL pick path; consumed only outside it by: server/migrations/014_profit_execution_triggers.js;server/services/nfl-capture-dispatch.js,unknown (not found),live,yes (has capture/receipt clock column: captured),n/a,2026-09-16
nfl_clv_grades,nfl_clv_grades,data_table,infra,server/migrations/037_nfl_clv_grades.js,server/migrations/037_nfl_clv_grades.js:43,n/a (raw storage table),derived,unknown (not found),n/a,none,n/a,unknown (not found),unmeasured,in the live pick path via: server/services/clv-core.js,unknown (not found),live,"partial (only a generic timestamp column, not confirmed as a receipt clock: created_at)",n/a,2026-09-16
nfl_cover_calibrations,nfl_cover_calibrations,data_table,infra,server/db/schema/nfl-a-to-m.js,server/db/schema/nfl-a-to-m.js:214,n/a (raw storage table),derived,unknown (not found),n/a,none,n/a,unknown (not found),unmeasured,in the live pick path via: server/services/nfl-cover-calibration.js;server/services/nfl-t60-packet.js,unknown (not found),live,"partial (only a generic timestamp column, not confirmed as a receipt clock: created_at)",n/a,2026-09-16
nfl_decision_events,nfl_decision_events,data_table,infra,server/migrations/027_decision_tape.js,server/migrations/027_decision_tape.js:94,n/a (raw storage table),internal-ledger,unknown (not found),n/a,none,n/a,unknown (not found),unmeasured,in the live pick path via: server/services/nfl-decision-tape.js;server/services/nfl-replay.js,unknown (not found),live,no (no clock column of any kind),n/a,2026-09-16
nfl_decision_run_invalidations,nfl_decision_run_invalidations,data_table,infra,server/migrations/031_decision_identity.js,server/migrations/031_decision_identity.js:178,n/a (raw storage table),internal-ledger,unknown (not found),n/a,none,n/a,unknown (not found),unmeasured,in the live pick path via: server/services/nfl-decision-tape.js,unknown (not found),live,no (no clock column of any kind),n/a,2026-09-16
nfl_decision_runs,nfl_decision_runs,data_table,infra,server/migrations/027_decision_tape.js,server/migrations/027_decision_tape.js:72,n/a (raw storage table),internal-ledger,unknown (not found),n/a,none,n/a,unknown (not found),unmeasured,in the live pick path via: server/services/nfl-decision-tape.js;server/services/nfl-replay.js,unknown (not found),live,"partial (only a generic timestamp column, not confirmed as a receipt clock: created_at)",n/a,2026-09-16
nfl_depth,nfl_depth,data_table,roster,server/db/schema/nfl-a-to-m.js,server/db/schema/nfl-a-to-m.js:59,n/a (raw storage table),nflverse,unknown (not found),n/a,none,n/a,unknown (not found),unmeasured,"in the live pick path via: server/services/nfl-advanced.js;server/services/nfl-bitemporal.js;server/services/nfl-engine-registry.js;server/services/nfl-player-value.js  2025-only duplication: 57,323 rows vs 49,318 distinct (season,week,team,gsis_id) keys (8,005 dupes, 193 distinct captured snapshot times vs ~63 before); nfl-rookies.js depthRankFor() ignores captured and can leak future snapshots (not fixed).",unknown (not found),live,yes (own receipt clock: captured — the only one of the five raw model-input tables that is genuinely point-in-time-safe),n/a,2026-09-16
nfl_engine_artifacts,nfl_engine_artifacts,data_table,infra,server/db/schema/nfl-a-to-m.js,server/db/schema/nfl-a-to-m.js:256,n/a (raw storage table),derived,unknown (not found),n/a,none,n/a,unknown (not found),unmeasured,in the live pick path via: server/services/nfl-engine-registry.js,unknown (not found),live,"partial (only a generic timestamp column, not confirmed as a receipt clock: created_at)",n/a,2026-09-16
nfl_engine_backfill_checkpoints,nfl_engine_backfill_checkpoints,data_table,infra,server/db/schema/nfl-a-to-m.js,server/db/schema/nfl-a-to-m.js:231,n/a (raw storage table),derived,unknown (not found),n/a,none,n/a,unknown (not found),unmeasured,not read by the live NFL pick path; consumed only outside it by: server/services/nfl-engine-backfill.js,unknown (not found),live,no (no clock column of any kind),n/a,2026-09-16
nfl_engine_backfill_runs,nfl_engine_backfill_runs,data_table,infra,server/db/schema/nfl-a-to-m.js,server/db/schema/nfl-a-to-m.js:224,n/a (raw storage table),derived,unknown (not found),n/a,none,n/a,unknown (not found),unmeasured,not read by the live NFL pick path; consumed only outside it by: server/services/nfl-engine-backfill.js,unknown (not found),live,no (no clock column of any kind),n/a,2026-09-16
nfl_ensemble_fit_artifacts,nfl_ensemble_fit_artifacts,data_table,infra,server/db/schema/nfl-a-to-m.js,server/db/schema/nfl-a-to-m.js:281,n/a (raw storage table),derived,unknown (not found),n/a,none,n/a,unknown (not found),unmeasured,in the live pick path via: server/services/nfl-engine-registry.js;server/services/nfl-ensemble.js;server/services/nfl-t60-packet.js,unknown (not found),live,"partial (only a generic timestamp column, not confirmed as a receipt clock: created_at)",n/a,2026-09-16
nfl_ensemble_rank_reports,nfl_ensemble_rank_reports,data_table,infra,server/services/nfl-ensemble-rank.js,server/services/nfl-ensemble-rank.js:631,n/a (raw storage table),derived,unknown (not found),n/a,none,n/a,unknown (not found),unmeasured,not read by the live NFL pick path; consumed only outside it by: server/services/nfl-ensemble-rank.js,unknown (not found),live,"partial (only a generic timestamp column, not confirmed as a receipt clock: created_at)",n/a,2026-09-16
nfl_execution_lifecycle_events,nfl_execution_lifecycle_events,data_table,infra,server/migrations/023_execution_lifecycle_ledger.js,server/migrations/023_execution_lifecycle_ledger.js:69,n/a (raw storage table),internal-ledger,unknown (not found),n/a,none,n/a,unknown (not found),unmeasured,not read by the live NFL pick path; consumed only outside it by: server/db/preflight.js;server/migrations/023_execution_lifecycle_ledger.js;server/migrations/027_decision_tape.js;server/migrations/028_settlement_corrections.js,unknown (not found),live,no (no clock column of any kind),n/a,2026-09-16
nfl_execution_log,nfl_execution_log,data_table,infra,server/db/schema/nfl-a-to-m.js,server/db/schema/nfl-a-to-m.js:379,n/a (raw storage table),internal-ledger,unknown (not found),n/a,none,n/a,unknown (not found),unmeasured,not read by the live NFL pick path; consumed only outside it by: server/migrations/023_execution_lifecycle_ledger.js;server/services/nfl-execution.js;scripts/run-historical-leaderboard.mjs,unknown (not found),live,no (no clock column of any kind),n/a,2026-09-16
nfl_execution_opportunities,nfl_execution_opportunities,data_table,infra,server/migrations/023_execution_lifecycle_ledger.js,server/migrations/023_execution_lifecycle_ledger.js:47,n/a (raw storage table),internal-ledger,unknown (not found),n/a,none,n/a,unknown (not found),unmeasured,not read by the live NFL pick path; consumed only outside it by: server/db/preflight.js;server/migrations/023_execution_lifecycle_ledger.js;server/migrations/026_execution_opportunity_forecast.js;server/migrations/027_decision_tape.js,unknown (not found),live,"partial (only a generic timestamp column, not confirmed as a receipt clock: created_at)",n/a,2026-09-16
nfl_expert_forward_predictions,nfl_expert_forward_predictions,data_table,infra,server/db/schema/nfl-a-to-m.js,server/db/schema/nfl-a-to-m.js:433,n/a (raw storage table),derived,unknown (not found),n/a,none,n/a,unknown (not found),unmeasured,not read by the live NFL pick path; consumed only outside it by: server/services/nfl-evidence-provenance.js;server/services/nfl-expert-coordinator.js;server/services/nfl-expert-council.js;server/services/nfl-postgame-truth.js,unknown (not found),live,yes (has capture/receipt clock column: captured_at),n/a,2026-09-16
nfl_expert_forward_settlements,nfl_expert_forward_settlements,data_table,infra,server/db/schema/nfl-a-to-m.js,server/db/schema/nfl-a-to-m.js:443,n/a (raw storage table),derived,unknown (not found),n/a,none,n/a,unknown (not found),unmeasured,not read by the live NFL pick path; consumed only outside it by: server/services/nfl-expert-coordinator.js;server/services/nfl-expert-council.js,unknown (not found),live,no (no clock column of any kind),n/a,2026-09-16
nfl_external_player_grades,nfl_external_player_grades,data_table,roster,server/db/schema/nfl-n-to-z.js,server/db/schema/nfl-n-to-z.js:513,n/a (raw storage table),derived,unknown (not found),n/a,none,n/a,unknown (not found),unmeasured,in the live pick path via: server/services/nfl-roster-strength.js,unknown (not found),live,yes (has capture/receipt clock column: captured_at),n/a,2026-09-16
nfl_external_ratings,nfl_external_ratings,data_table,infra,server/db/schema/nfl-a-to-m.js,server/db/schema/nfl-a-to-m.js:452,n/a (raw storage table),teamrankings+ESPN (FPI),unknown (not found),n/a,none,n/a,unknown (not found),unmeasured,in the live pick path via: server/services/scheduler.js  fpi_diff is computed (nfl-external-ratings.js:260) and consumed by nothing.,unknown (not found),live,"partial (only a generic timestamp column, not confirmed as a receipt clock: fetched_at)",n/a,2026-09-16
nfl_feature_ablation_audits,nfl_feature_ablation_audits,data_table,infra,server/db/schema/nfl-n-to-z.js,server/db/schema/nfl-n-to-z.js:460,n/a (raw storage table),derived,unknown (not found),n/a,none,n/a,unknown (not found),unmeasured,not read by the live NFL pick path; consumed only outside it by: server/migrations/048_research_trials_detail.js;server/services/nfl-evidence.js;server/services/nfl-research.js;scripts/backfill-historical-trial-registry.mjs,unknown (not found),live,"partial (only a generic timestamp column, not confirmed as a receipt clock: created_at)",n/a,2026-09-16
nfl_feature_coverage_snapshots,nfl_feature_coverage_snapshots,data_table,roster,server/db/schema/nfl-a-to-m.js,server/db/schema/nfl-a-to-m.js:460,n/a (raw storage table),nflverse,unknown (not found),n/a,none,n/a,unknown (not found),unmeasured,not read by the live NFL pick path; consumed only outside it by: server/services/nfl-feature-coverage.js,unknown (not found),live,"partial (only a generic timestamp column, not confirmed as a receipt clock: created_at)",n/a,2026-09-16
nfl_feature_dictionary,nfl_feature_dictionary,data_table,infra,server/db/schema/nfl-n-to-z.js,server/db/schema/nfl-n-to-z.js:621,n/a (raw storage table),derived,unknown (not found),n/a,none,n/a,unknown (not found),unmeasured,not read by the live NFL pick path; consumed only outside it by: server/services/nfl-weekly-feature-store.js,unknown (not found),live,"partial (only a generic timestamp column, not confirmed as a receipt clock: created_at)",n/a,2026-09-16
nfl_feature_revisions,nfl_feature_revisions,data_table,infra,server/db/schema/nfl-a-to-m.js,server/db/schema/nfl-a-to-m.js:113,n/a (raw storage table),derived,unknown (not found),n/a,none,n/a,unknown (not found),unmeasured,in the live pick path via: server/services/nfl-advanced.js;server/services/nfl-bitemporal.js;server/services/nfl-t60-packet.js,unknown (not found),live,yes (has capture/receipt clock column: observed_at),n/a,2026-09-16
nfl_ffopportunity_weekly,nfl_ffopportunity_weekly,data_table,infra,server/db/schema/core-and-fantasy.js,server/db/schema/core-and-fantasy.js:633,n/a (raw storage table),nflverse,unknown (not found),n/a,none,n/a,unknown (not found),unmeasured,in the live pick path via: server/services/ffopportunity.js,unknown (not found),live,no (no clock column of any kind),n/a,2026-09-16
nfl_game_variance,nfl_game_variance,data_table,infra,server/db/schema/nfl-n-to-z.js,server/db/schema/nfl-n-to-z.js:256,n/a (raw storage table),derived,unknown (not found),n/a,none,n/a,unknown (not found),unmeasured,not read by the live NFL pick path; consumed only outside it by: server/services/nfl-expert-coordinator.js;server/services/nfl-postgame-truth.js,unknown (not found),live,"partial (only a generic timestamp column, not confirmed as a receipt clock: created_at)",n/a,2026-09-16
nfl_game_weather,nfl_game_weather,data_table,weather,server/db/schema/nfl-n-to-z.js,server/db/schema/nfl-n-to-z.js:612,n/a (raw storage table),weather API,unknown (not found),n/a,none,n/a,unknown (not found),unmeasured,in the live pick path via: server/services/nfl-t60-packet.js,unknown (not found),live,"partial (only a generic timestamp column, not confirmed as a receipt clock: fetched_at)",n/a,2026-09-16
nfl_game_weather_forecast_history,nfl_game_weather_forecast_history,data_table,weather,server/db/schema/nfl-n-to-z.js,server/db/schema/nfl-n-to-z.js:603,n/a (raw storage table),weather API,unknown (not found),n/a,none,n/a,unknown (not found),unmeasured,in the live pick path via: server/services/nfl-t60-packet.js,unknown (not found),live,"partial (only a generic timestamp column, not confirmed as a receipt clock: fetched_at)",n/a,2026-09-16
nfl_historical_adp,nfl_historical_adp,data_table,roster,server/db/schema/core-and-fantasy.js,server/db/schema/core-and-fantasy.js:721,n/a (raw storage table),dynastyprocess (ADP CSV),unknown (not found),n/a,none,n/a,unknown (not found),unmeasured,not read by the live NFL pick path; consumed only outside it by: server/services/consensus-weights.js;server/services/historical-adp-scrapes.js;server/services/historical-adp.js;server/services/preseason-model.js,unknown (not found),live,"partial (only a generic timestamp column, not confirmed as a receipt clock: fetched_at)",n/a,2026-09-16
nfl_historical_adp_scrape,nfl_historical_adp_scrape,data_table,roster,server/db/schema/core-and-fantasy.js,server/db/schema/core-and-fantasy.js:704,n/a (raw storage table),dynastyprocess (ADP CSV),unknown (not found),n/a,none,n/a,unknown (not found),unmeasured,not read by the live NFL pick path; consumed only outside it by: server/services/historical-adp-scrapes.js  written under a recordSync name in neither MANUAL_SOURCES nor JOBS — orphaned from scheduler bookkeeping.,unknown (not found),live,"partial (only a generic timestamp column, not confirmed as a receipt clock: fetched_at)",n/a,2026-09-16
nfl_historical_engine_replay,nfl_historical_engine_replay,data_table,infra,server/db/schema/nfl-a-to-m.js,server/db/schema/nfl-a-to-m.js:237,n/a (raw storage table),derived,unknown (not found),n/a,none,n/a,unknown (not found),unmeasured,not read by the live NFL pick path; consumed only outside it by: server/services/nfl-engine-backfill.js,unknown (not found),live,no (no clock column of any kind),n/a,2026-09-16
nfl_historical_ffc_adp,nfl_historical_ffc_adp,data_table,roster,server/db/schema/core-and-fantasy.js,server/db/schema/core-and-fantasy.js:465,n/a (raw storage table),dynastyprocess (ADP CSV),unknown (not found),n/a,none,n/a,unknown (not found),unmeasured,not read by the live NFL pick path; consumed only outside it by: server/services/consensus-weights.js,unknown (not found),live,"partial (only a generic timestamp column, not confirmed as a receipt clock: fetched_at)",n/a,2026-09-16
nfl_historical_signal_replay,nfl_historical_signal_replay,data_table,infra,server/db/schema/nfl-a-to-m.js,server/db/schema/nfl-a-to-m.js:245,n/a (raw storage table),derived,unknown (not found),n/a,none,n/a,unknown (not found),unmeasured,not read by the live NFL pick path; consumed only outside it by: server/services/nfl-diagnostic.js;server/services/nfl-engine-backfill.js,unknown (not found),live,no (no clock column of any kind),n/a,2026-09-16
nfl_injuries,nfl_injuries,data_table,injury,server/db/schema/core-and-fantasy.js,server/db/schema/core-and-fantasy.js:484,n/a (raw storage table),nflverse,unknown (not found),n/a,none,n/a,unknown (not found),unmeasured,in the live pick path via: server/services/football-context.js;server/services/nfl-advanced.js;server/services/nfl-availability.js;server/services/nfl-bitemporal.js,unknown (not found),live,"partial (source modified_at column, not a receipt clock — 100% populated 2021-22, 97.4% 2023, 95.8% 2024, 0% 2025-26; nflverse stopped publishing it)",n/a,2026-09-16
nfl_learning_epochs,nfl_learning_epochs,data_table,infra,server/db/schema/nfl-a-to-m.js,server/db/schema/nfl-a-to-m.js:268,n/a (raw storage table),derived,unknown (not found),n/a,none,n/a,unknown (not found),unmeasured,in the live pick path via: server/services/nfl-engine-registry.js,unknown (not found),live,"partial (only a generic timestamp column, not confirmed as a receipt clock: created_at)",n/a,2026-09-16
nfl_line_snapshots,nfl_line_snapshots,data_table,roster,server/db/schema/core-and-fantasy.js,server/db/schema/core-and-fantasy.js:738,n/a (raw storage table),nflverse,unknown (not found),n/a,none,n/a,unknown (not found),unmeasured,in the live pick path via: server/services/book-feeds.js;server/services/clv-core.js;server/services/line-shopping.js;server/services/nfl-sharp.js  five separate writers with different provider labels; received_at is a constant (not a real per-row receipt clock) for archive-sourced rows per migration 052.,unknown (not found),live,yes (has capture/receipt clock column: captured_at),n/a,2026-09-16
nfl_live_possession_predictions,nfl_live_possession_predictions,data_table,live,server/db/schema/nfl-a-to-m.js,server/db/schema/nfl-a-to-m.js:495,n/a (raw storage table),derived,unknown (not found),n/a,none,n/a,unknown (not found),unmeasured,not read by the live NFL pick path; consumed only outside it by: server/services/nfl-expert-council.js;server/services/nfl-live-ledger.js,unknown (not found),live,yes (has capture/receipt clock column: captured_at),n/a,2026-09-16
nfl_live_possession_settlements,nfl_live_possession_settlements,data_table,live,server/db/schema/nfl-a-to-m.js,server/db/schema/nfl-a-to-m.js:506,n/a (raw storage table),derived,unknown (not found),n/a,none,n/a,unknown (not found),unmeasured,not read by the live NFL pick path; consumed only outside it by: server/services/nfl-expert-council.js;server/services/nfl-live-ledger.js,unknown (not found),live,no (no clock column of any kind),n/a,2026-09-16
nfl_model_experiments,nfl_model_experiments,data_table,infra,server/db/schema/nfl-a-to-m.js,server/db/schema/nfl-a-to-m.js:399,n/a (raw storage table),derived,unknown (not found),n/a,none,n/a,unknown (not found),unmeasured,not read by the live NFL pick path; consumed only outside it by: server/services/nfl-evidence.js;server/services/nfl-experiments.js,unknown (not found),live,"partial (only a generic timestamp column, not confirmed as a receipt clock: created_at)",n/a,2026-09-16
nfl_model_growth_runs,nfl_model_growth_runs,data_table,infra,server/db/schema/nfl-a-to-m.js,server/db/schema/nfl-a-to-m.js:516,n/a (raw storage table),derived,unknown (not found),n/a,none,n/a,unknown (not found),unmeasured,not read by the live NFL pick path; consumed only outside it by: server/services/nfl-model-growth.js,unknown (not found),live,no (no clock column of any kind),n/a,2026-09-16
nfl_model_watch_runs,nfl_model_watch_runs,data_table,infra,server/db/schema/nfl-a-to-m.js,server/db/schema/nfl-a-to-m.js:529,n/a (raw storage table),derived,unknown (not found),n/a,none,n/a,unknown (not found),unmeasured,not read by the live NFL pick path; consumed only outside it by: server/services/nfl-model-watch.js,unknown (not found),live,no (no clock column of any kind),n/a,2026-09-16
nfl_neural_replay_audits,nfl_neural_replay_audits,data_table,infra,server/db/schema/nfl-n-to-z.js,server/db/schema/nfl-n-to-z.js:50,n/a (raw storage table),derived,unknown (not found),n/a,none,n/a,unknown (not found),unmeasured,in the live pick path via: server/services/nfl-replay.js,unknown (not found),live,"partial (only a generic timestamp column, not confirmed as a receipt clock: created_at)",n/a,2026-09-16
nfl_news_event_extraction_cache,nfl_news_event_extraction_cache,data_table,news,server/migrations/019_nfl_news_events.js,server/migrations/019_nfl_news_events.js:56,n/a (raw storage table),ESPN+other (RSS/TwitterAPI.io),unknown (not found),n/a,none,n/a,unknown (not found),unmeasured,not read by the live NFL pick path; consumed only outside it by: server/migrations/019_nfl_news_events.js;server/services/nfl-news-events.js,unknown (not found),live,no (no clock column of any kind),n/a,2026-09-16
nfl_news_events,nfl_news_events,data_table,news,server/migrations/019_nfl_news_events.js,server/migrations/019_nfl_news_events.js:21,n/a (raw storage table),ESPN+other (RSS/TwitterAPI.io),unknown (not found),n/a,none,n/a,unknown (not found),unmeasured,in the live pick path via: server/services/nfl-t60-packet.js,unknown (not found),live,"partial (only a generic timestamp column, not confirmed as a receipt clock: created_at)",n/a,2026-09-16
nfl_news_extraction_attempts,nfl_news_extraction_attempts,data_table,news,server/db/schema/nfl-n-to-z.js,server/db/schema/nfl-n-to-z.js:79,n/a (raw storage table),ESPN+other (RSS/TwitterAPI.io),unknown (not found),n/a,none,n/a,unknown (not found),unmeasured,in the live pick path via: server/services/nfl-news-signal.js,unknown (not found),live,no (no clock column of any kind),n/a,2026-09-16
nfl_news_signals,nfl_news_signals,data_table,news,server/db/schema/nfl-n-to-z.js,server/db/schema/nfl-n-to-z.js:57,n/a (raw storage table),ESPN+other (RSS/TwitterAPI.io),unknown (not found),n/a,none,n/a,unknown (not found),unmeasured,in the live pick path via: server/services/nfl-news-signal.js;server/services/scheduler.js,unknown (not found),live,"partial (only a generic timestamp column, not confirmed as a receipt clock: created_at)",n/a,2026-09-16
nfl_nfelo_games,nfl_nfelo_games,data_table,infra,server/db/schema/mlb-model-misc.js,server/db/schema/mlb-model-misc.js:224,n/a (raw storage table),nfelo,unknown (not found),n/a,none,n/a,unknown (not found),unmeasured,in the live pick path via: server/services/nfelo.js;server/services/nfl-ensemble.js,unknown (not found),live,"partial (only a generic timestamp column, not confirmed as a receipt clock: fetched_at)",n/a,2026-09-16
nfl_nfelo_lines,nfl_nfelo_lines,data_table,market,server/db/schema/mlb-model-misc.js,server/db/schema/mlb-model-misc.js:234,n/a (raw storage table),nfelo,unknown (not found),n/a,none,n/a,unknown (not found),unmeasured,in the live pick path via: server/services/nfelo.js,unknown (not found),live,"partial (only a generic timestamp column, not confirmed as a receipt clock: fetched_at)",n/a,2026-09-16
nfl_nfelo_qb,nfl_nfelo_qb,data_table,infra,server/db/schema/mlb-model-misc.js,server/db/schema/mlb-model-misc.js:216,n/a (raw storage table),nfelo,unknown (not found),n/a,none,n/a,unknown (not found),unmeasured,in the live pick path via: server/services/nfelo.js;server/services/nfl-ensemble.js,unknown (not found),live,"partial (only a generic timestamp column, not confirmed as a receipt clock: fetched_at)",n/a,2026-09-16
nfl_ngs,nfl_ngs,data_table,infra,server/db/schema/nfl-a-to-m.js,server/db/schema/nfl-a-to-m.js:43,n/a (raw storage table),nflverse,unknown (not found),n/a,none,n/a,unknown (not found),unmeasured,in the live pick path via: server/services/nfl-advanced.js;server/services/nfl-engine-registry.js;server/services/nfl-player-value.js,unknown (not found),live,no (no clock column of any kind),n/a,2026-09-16
nfl_odds_archive,nfl_odds_archive,data_table,market,server/db/schema/mlb-model-misc.js,server/db/schema/mlb-model-misc.js:314,n/a (raw storage table),odds API (direct book scrapes / Odds API / SportsGameOdds),unknown (not found),n/a,none,n/a,unknown (not found),unmeasured,not read by the live NFL pick path; consumed only outside it by: server/migrations/047_backfill_open_spread_pinnacle_2022_2025.js;server/migrations/052_line_snapshot_receipt_clock.js;server/services/beat-the-close.js;server/services/line-move-study.js  backfills game_lines.open_spread/open_total via a Pinnacle-derived Oddstrader median that had a sign-corruption bug for 2022-2025 rows (migration 047).,unknown (not found),live,"partial (only a generic timestamp column, not confirmed as a receipt clock: fetched_at)",n/a,2026-09-16
nfl_officials,nfl_officials,data_table,refs,server/db/schema/nfl-n-to-z.js,server/db/schema/nfl-n-to-z.js:86,n/a (raw storage table),PFR (nfl-officials.js ingestOfficials),unknown (not found),n/a,none,n/a,unknown (not found),unmeasured,not read by the live NFL pick path; consumed only outside it by: server/services/nfl-officials.js;server/services/nfl-team-card.js,unknown (not found),live,no (no clock column of any kind),n/a,2026-09-16
nfl_online_neural_artifacts,nfl_online_neural_artifacts,data_table,market,server/db/schema/nfl-n-to-z.js,server/db/schema/nfl-n-to-z.js:110,n/a (raw storage table),derived,unknown (not found),n/a,none,n/a,unknown (not found),unmeasured,in the live pick path via: server/services/nfl-engine-registry.js;server/services/nfl-online-neural.js,unknown (not found),live,"partial (only a generic timestamp column, not confirmed as a receipt clock: created_at)",n/a,2026-09-16
nfl_online_neural_examples,nfl_online_neural_examples,data_table,market,server/db/schema/nfl-n-to-z.js,server/db/schema/nfl-n-to-z.js:99,n/a (raw storage table),derived,unknown (not found),n/a,none,n/a,unknown (not found),unmeasured,in the live pick path via: server/services/nfl-online-neural.js,unknown (not found),live,yes (has capture/receipt clock column: captured_at),n/a,2026-09-16
nfl_orthogonal_specialist_artifacts,nfl_orthogonal_specialist_artifacts,data_table,infra,server/db/schema/nfl-n-to-z.js,server/db/schema/nfl-n-to-z.js:122,n/a (raw storage table),derived,unknown (not found),n/a,none,n/a,unknown (not found),unmeasured,not read by the live NFL pick path; consumed only outside it by: server/services/nfl-orthogonal-specialists.js,unknown (not found),live,"partial (only a generic timestamp column, not confirmed as a receipt clock: created_at)",n/a,2026-09-16
nfl_page_explain_audits,nfl_page_explain_audits,data_table,infra,server/db/schema/nfl-n-to-z.js,server/db/schema/nfl-n-to-z.js:137,n/a (raw storage table),derived,unknown (not found),n/a,none,n/a,unknown (not found),unmeasured,not read by the live NFL pick path; consumed only outside it by: server/services/nfl-page-explain-audit.js,unknown (not found),live,"partial (only a generic timestamp column, not confirmed as a receipt clock: created_at)",n/a,2026-09-16
nfl_pfr_adv,nfl_pfr_adv,data_table,infra,server/db/schema/nfl-a-to-m.js,server/db/schema/nfl-a-to-m.js:48,n/a (raw storage table),nflverse (PFR-sourced advstats mirror),unknown (not found),n/a,none,n/a,unknown (not found),unmeasured,in the live pick path via: server/services/nfl-advanced.js;server/services/nfl-availability.js;server/services/nfl-engine-registry.js;server/services/nfl-player-value.js,unknown (not found),live,no (no clock column of any kind),n/a,2026-09-16
nfl_pick_decisions,nfl_pick_decisions,data_table,infra,server/db/schema/nfl-a-to-m.js,server/db/schema/nfl-a-to-m.js:100,n/a (raw storage table),internal-ledger,unknown (not found),n/a,none,n/a,unknown (not found),unmeasured,in the live pick path via: server/services/nfl-auto-picks.js;server/services/nfl-decision-tape.js;server/services/scheduler.js,unknown (not found),live,no (no clock column of any kind),n/a,2026-09-16
nfl_pick_explanation_audits,nfl_pick_explanation_audits,data_table,infra,server/db/schema/nfl-n-to-z.js,server/db/schema/nfl-n-to-z.js:169,n/a (raw storage table),derived,unknown (not found),n/a,none,n/a,unknown (not found),unmeasured,not read by the live NFL pick path; consumed only outside it by: server/services/nfl-pick-explanation-audit.js,unknown (not found),live,"partial (only a generic timestamp column, not confirmed as a receipt clock: created_at)",n/a,2026-09-16
nfl_pick_watch_log,nfl_pick_watch_log,data_table,infra,server/db/schema/nfl-n-to-z.js,server/db/schema/nfl-n-to-z.js:187,n/a (raw storage table),internal-ledger,unknown (not found),n/a,none,n/a,unknown (not found),unmeasured,not read by the live NFL pick path; consumed only outside it by: server/services/nfl-pick-watch.js,unknown (not found),live,no (no clock column of any kind),n/a,2026-09-16
nfl_play_by_play,nfl_play_by_play,data_table,infra,server/db/schema/nfl-a-to-m.js,server/db/schema/nfl-a-to-m.js:306,n/a (raw storage table),nflverse+ESPN (live PBP polling),unknown (not found),n/a,none,n/a,unknown (not found),unmeasured,in the live pick path via: server/services/scheduler.js,unknown (not found),live,"partial (only a generic timestamp column, not confirmed as a receipt clock: fetched_at)",n/a,2026-09-16
nfl_play_charting,nfl_play_charting,data_table,infra,server/db/schema/nfl-a-to-m.js,server/db/schema/nfl-a-to-m.js:480,n/a (raw storage table),nflverse,unknown (not found),n/a,none,n/a,unknown (not found),unmeasured,not read by the live NFL pick path; consumed only outside it by: server/services/nfl-blind-audit.js;server/services/nfl-feature-coverage.js;server/services/nfl-formations.js;server/services/nfl-weekly-feature-store.js,unknown (not found),live,no (no clock column of any kind),n/a,2026-09-16
nfl_play_formations,nfl_play_formations,data_table,infra,server/db/schema/nfl-a-to-m.js,server/db/schema/nfl-a-to-m.js:468,n/a (raw storage table),nflverse,unknown (not found),n/a,none,n/a,unknown (not found),unmeasured,in the live pick path via: server/services/nfl-advanced.js,unknown (not found),live,no (no clock column of any kind),n/a,2026-09-16
nfl_player_feature_vectors,nfl_player_feature_vectors,data_table,roster,server/db/schema/nfl-n-to-z.js,server/db/schema/nfl-n-to-z.js:632,n/a (raw storage table),derived,unknown (not found),n/a,none,n/a,unknown (not found),unmeasured,not read by the live NFL pick path; consumed only outside it by: server/services/nfl-blind-audit.js;server/services/nfl-model-growth.js;server/services/nfl-weekly-feature-store.js,unknown (not found),live,"partial (only a generic timestamp column, not confirmed as a receipt clock: created_at)",n/a,2026-09-16
nfl_player_roster_events,nfl_player_roster_events,data_table,roster,server/db/schema/nfl-n-to-z.js,server/db/schema/nfl-n-to-z.js:218,n/a (raw storage table),derived,unknown (not found),n/a,none,n/a,unknown (not found),unmeasured,in the live pick path via: server/services/nfl-roster-strength.js,unknown (not found),live,yes (has capture/receipt clock column: captured_at),n/a,2026-09-16
nfl_player_state_quarantine,nfl_player_state_quarantine,data_table,roster,server/db/schema/nfl-n-to-z.js,server/db/schema/nfl-n-to-z.js:238,n/a (raw storage table),derived,unknown (not found),n/a,none,n/a,unknown (not found),unmeasured,not read by the live NFL pick path; consumed only outside it by: server/services/nfl-player-state.js,unknown (not found),live,yes (has capture/receipt clock column: captured_at),n/a,2026-09-16
nfl_player_week_features,nfl_player_week_features,data_table,roster,server/db/schema/nfl-n-to-z.js,server/db/schema/nfl-n-to-z.js:160,n/a (raw storage table),derived,unknown (not found),n/a,none,n/a,unknown (not found),unmeasured,in the live pick path via: server/services/football-context.js;server/services/nfl-advanced.js;server/services/nfl-engine-registry.js;server/services/nfl-pbp.js,unknown (not found),live,no (no clock column of any kind),n/a,2026-09-16
nfl_policy_audits,nfl_policy_audits,data_table,infra,server/db/schema/nfl-n-to-z.js,server/db/schema/nfl-n-to-z.js:446,n/a (raw storage table),derived,unknown (not found),n/a,none,n/a,unknown (not found),unmeasured,in the live pick path via: server/services/nfl-replay.js,unknown (not found),live,"partial (only a generic timestamp column, not confirmed as a receipt clock: created_at)",n/a,2026-09-16
nfl_postgame_truth_packets,nfl_postgame_truth_packets,data_table,infra,server/db/schema/nfl-n-to-z.js,server/db/schema/nfl-n-to-z.js:248,n/a (raw storage table),derived,unknown (not found),n/a,none,n/a,unknown (not found),unmeasured,not read by the live NFL pick path; consumed only outside it by: server/services/nfl-postgame-truth.js,unknown (not found),live,"partial (only a generic timestamp column, not confirmed as a receipt clock: created_at)",n/a,2026-09-16
nfl_pregame_snapshot_history,nfl_pregame_snapshot_history,data_table,roster,server/db/schema/nfl-n-to-z.js,server/db/schema/nfl-n-to-z.js:263,n/a (raw storage table),nflverse,unknown (not found),n/a,none,n/a,unknown (not found),unmeasured,in the live pick path via: server/services/nfl-player-value.js;server/services/nfl-pregame.js,unknown (not found),live,yes (has capture/receipt clock column: captured_at),n/a,2026-09-16
nfl_prop_calibration_fits,nfl_prop_calibration_fits,data_table,props,server/db/schema/nfl-n-to-z.js,server/db/schema/nfl-n-to-z.js:290,n/a (raw storage table),derived,unknown (not found),n/a,none,n/a,unknown (not found),unmeasured,not read by the live NFL pick path; consumed only outside it by: server/services/decay-watch.js;server/services/nfl-prop-calibration.js,unknown (not found),live,"partial (only a generic timestamp column, not confirmed as a receipt clock: created_at)",n/a,2026-09-16
nfl_prop_clv,nfl_prop_clv,data_table,props,server/db/schema/nfl-n-to-z.js,server/db/schema/nfl-n-to-z.js:298,n/a (raw storage table),derived,unknown (not found),n/a,none,n/a,unknown (not found),unmeasured,in the live pick path via: server/services/scheduler.js,unknown (not found),live,yes (has capture/receipt clock column: captured_at),n/a,2026-09-16
nfl_prop_policy_archive,nfl_prop_policy_archive,data_table,props,server/db/schema/nfl-n-to-z.js,server/db/schema/nfl-n-to-z.js:309,n/a (raw storage table),derived,unknown (not found),n/a,none,n/a,unknown (not found),unmeasured,not read by the live NFL pick path; consumed only outside it by: server/services/nfl-prop-clv.js,unknown (not found),live,no (no clock column of any kind),n/a,2026-09-16
nfl_prop_quote_snapshots,nfl_prop_quote_snapshots,data_table,props,server/db/schema/nfl-n-to-z.js,server/db/schema/nfl-n-to-z.js:343,n/a (raw storage table),nflverse,unknown (not found),n/a,none,n/a,unknown (not found),unmeasured,not read by the live NFL pick path; consumed only outside it by: server/services/nfl-prop-clv.js;server/services/nfl-props.js;server/services/prop-feeds.js;server/services/props-total-consistency.js  100% underdog rows in the live DB; Odds API and Action Network prop paths currently write zero rows.,unknown (not found),live,yes (has capture/receipt clock column: captured_at),n/a,2026-09-16
nfl_qbr_weekly,nfl_qbr_weekly,data_table,infra,server/db/schema/nfl-n-to-z.js,server/db/schema/nfl-n-to-z.js:353,n/a (raw storage table),nflverse (ESPN-sourced QBR mirror),unknown (not found),n/a,none,n/a,unknown (not found),unmeasured,in the live pick path via: server/services/nfl-qbr.js;server/services/projections.js,unknown (not found),live,"partial (only a generic timestamp column, not confirmed as a receipt clock: fetched_at)",n/a,2026-09-16
nfl_quote_batches,nfl_quote_batches,data_table,market,server/db/schema/nfl-n-to-z.js,server/db/schema/nfl-n-to-z.js:363,n/a (raw storage table),odds API (direct book scrapes / Odds API / SportsGameOdds),unknown (not found),n/a,none,n/a,unknown (not found),unmeasured,in the live pick path via: server/services/nfl-advanced.js;server/services/nfl-t60-packet.js,unknown (not found),live,yes (has capture/receipt clock column: received_at),n/a,2026-09-16
nfl_quote_tape,nfl_quote_tape,data_table,market,server/db/schema/nfl-n-to-z.js,server/db/schema/nfl-n-to-z.js:390,n/a (raw storage table),odds API (direct book scrapes / Odds API / SportsGameOdds),unknown (not found),n/a,none,n/a,unknown (not found),unmeasured,in the live pick path via: server/services/date-util.js;server/services/nfl-t60-packet.js,unknown (not found),live,yes (has capture/receipt clock column: snapshot_at),n/a,2026-09-16
nfl_replay_bets,nfl_replay_bets,data_table,infra,server/db/schema/nfl-n-to-z.js,server/db/schema/nfl-n-to-z.js:438,n/a (raw storage table),derived,unknown (not found),n/a,none,n/a,unknown (not found),unmeasured,in the live pick path via: server/services/nfl-replay.js,unknown (not found),live,no (no clock column of any kind),n/a,2026-09-16
nfl_replay_runs,nfl_replay_runs,data_table,infra,server/db/schema/nfl-n-to-z.js,server/db/schema/nfl-n-to-z.js:430,n/a (raw storage table),derived,unknown (not found),n/a,none,n/a,unknown (not found),unmeasured,in the live pick path via: server/services/nfl-replay.js,unknown (not found),live,"partial (only a generic timestamp column, not confirmed as a receipt clock: created_at)",n/a,2026-09-16
nfl_residual_audits,nfl_residual_audits,data_table,infra,server/db/schema/nfl-n-to-z.js,server/db/schema/nfl-n-to-z.js:464,n/a (raw storage table),derived,unknown (not found),n/a,none,n/a,unknown (not found),unmeasured,not read by the live NFL pick path; consumed only outside it by: server/services/nfl-research.js;scripts/backfill-historical-trial-registry.mjs,unknown (not found),live,"partial (only a generic timestamp column, not confirmed as a receipt clock: created_at)",n/a,2026-09-16
nfl_risk_lab_artifacts,nfl_risk_lab_artifacts,data_table,infra,server/db/schema/nfl-n-to-z.js,server/db/schema/nfl-n-to-z.js:482,n/a (raw storage table),derived,unknown (not found),n/a,none,n/a,unknown (not found),unmeasured,in the live pick path via: server/services/nfl-engine-registry.js,unknown (not found),live,"partial (only a generic timestamp column, not confirmed as a receipt clock: created_at)",n/a,2026-09-16
nfl_risk_lab_predictions,nfl_risk_lab_predictions,data_table,infra,server/db/schema/nfl-n-to-z.js,server/db/schema/nfl-n-to-z.js:470,n/a (raw storage table),derived,unknown (not found),n/a,none,n/a,unknown (not found),unmeasured,not read by the live NFL pick path; consumed only outside it by: server/services/nfl-risk-lab.js,unknown (not found),live,yes (has capture/receipt clock column: captured_at),n/a,2026-09-16
nfl_rookie_evidence,nfl_rookie_evidence,data_table,roster,server/db/schema/nfl-n-to-z.js,server/db/schema/nfl-n-to-z.js:493,n/a (raw storage table),nflverse,unknown (not found),n/a,none,n/a,unknown (not found),unmeasured,in the live pick path via: server/services/nfl-rookies.js;server/services/nfl-roster-strength.js,unknown (not found),live,yes (has capture/receipt clock column: captured_at),n/a,2026-09-16
nfl_roster_snapshots,nfl_roster_snapshots,data_table,roster,server/db/schema/nfl-n-to-z.js,server/db/schema/nfl-n-to-z.js:204,n/a (raw storage table),nflverse,unknown (not found),n/a,none,n/a,unknown (not found),unmeasured,not read by the live NFL pick path; consumed only outside it by: server/services/draft-assist.js;server/services/nfl-blind-audit.js;server/services/nfl-player-state.js;server/services/offseason-model.js,unknown (not found),live,yes (has capture/receipt clock column: captured_at),n/a,2026-09-16
nfl_rule_state,nfl_rule_state,data_table,infra,server/db/schema/core-and-fantasy.js,server/db/schema/core-and-fantasy.js:408,n/a (raw storage table),derived,unknown (not found),n/a,none,n/a,unknown (not found),unmeasured,not read by the live NFL pick path; consumed only outside it by: server/services/beat-the-close.js,unknown (not found),live,no (no clock column of any kind),n/a,2026-09-16
nfl_scottfree_game_features,nfl_scottfree_game_features,data_table,infra,server/migrations/022_scottfree_game_features.js,server/migrations/022_scottfree_game_features.js:39,n/a (raw storage table),derived,unknown (not found),n/a,none,n/a,unknown (not found),unmeasured,not read by the live NFL pick path; consumed only outside it by: server/migrations/022_scottfree_game_features.js;scripts/import-scottfree.mjs,unknown (not found),live,no (no clock column of any kind),n/a,2026-09-16
nfl_sgp_quotes,nfl_sgp_quotes,data_table,market,server/migrations/014_profit_execution_triggers.js,server/migrations/014_profit_execution_triggers.js:23,n/a (raw storage table),odds API (direct book scrapes / Odds API / SportsGameOdds),unknown (not found),n/a,none,n/a,unknown (not found),unmeasured,not read by the live NFL pick path; consumed only outside it by: server/migrations/014_profit_execution_triggers.js;server/services/nfl-prop-correlation.js,unknown (not found),live,yes (has capture/receipt clock column: captured_at),n/a,2026-09-16
nfl_signal_reliability_artifacts,nfl_signal_reliability_artifacts,data_table,infra,server/db/schema/nfl-n-to-z.js,server/db/schema/nfl-n-to-z.js:527,n/a (raw storage table),derived,unknown (not found),n/a,none,n/a,unknown (not found),unmeasured,in the live pick path via: server/services/nfl-engine-registry.js;server/services/nfl-signal-reliability.js,unknown (not found),live,"partial (only a generic timestamp column, not confirmed as a receipt clock: created_at)",n/a,2026-09-16
nfl_signal_snapshots,nfl_signal_snapshots,data_table,roster,server/db/schema/core-and-fantasy.js,server/db/schema/core-and-fantasy.js:416,n/a (raw storage table),nflverse,unknown (not found),n/a,none,n/a,unknown (not found),unmeasured,not read by the live NFL pick path; consumed only outside it by: server/services/beat-the-close.js;server/services/nfl-weather.js;scripts/_prepare-validation-db.mjs,unknown (not found),live,yes (has capture/receipt clock column: captured_at),n/a,2026-09-16
nfl_sim_calibration_artifacts,nfl_sim_calibration_artifacts,data_table,infra,server/db/schema/nfl-n-to-z.js,server/db/schema/nfl-n-to-z.js:542,n/a (raw storage table),derived,unknown (not found),n/a,none,n/a,unknown (not found),unmeasured,not read by the live NFL pick path; consumed only outside it by: server/services/nfl-sim-calibration.js,unknown (not found),live,"partial (only a generic timestamp column, not confirmed as a receipt clock: created_at)",n/a,2026-09-16
nfl_snaps,nfl_snaps,data_table,roster,server/db/schema/nfl-a-to-m.js,server/db/schema/nfl-a-to-m.js:53,n/a (raw storage table),nflverse,unknown (not found),n/a,none,n/a,unknown (not found),unmeasured,in the live pick path via: server/services/nfl-advanced.js;server/services/nfl-availability.js;server/services/nfl-bitemporal.js;server/services/nfl-engine-registry.js,unknown (not found),live,no (no clock column of any kind),n/a,2026-09-16
nfl_source_registry,nfl_source_registry,data_table,infra,server/db/schema/nfl-a-to-m.js,server/db/schema/nfl-a-to-m.js:365,n/a (raw storage table),derived,unknown (not found),n/a,none,n/a,unknown (not found),unmeasured,not read by the live NFL pick path; consumed only outside it by: server/services/nfl-evidence.js,unknown (not found),live,"partial (only a generic timestamp column, not confirmed as a receipt clock: updated_at)",n/a,2026-09-16
nfl_stadiums,nfl_stadiums,data_table,infra,server/db/schema/mlb-model-misc.js,server/db/schema/mlb-model-misc.js:244,n/a (raw storage table),nfelo,unknown (not found),n/a,none,n/a,unknown (not found),unmeasured,in the live pick path via: server/services/nfelo.js,unknown (not found),live,"partial (only a generic timestamp column, not confirmed as a receipt clock: fetched_at)",n/a,2026-09-16
nfl_t60_observations,nfl_t60_observations,data_table,infra,server/migrations/034_t60_runner_ledger.js,server/migrations/034_t60_runner_ledger.js:33,n/a (raw storage table),derived,unknown (not found),n/a,none,n/a,unknown (not found),unmeasured,not read by the live NFL pick path; consumed only outside it by: server/betting/nfl/strategy/t60-runner.js;server/migrations/034_t60_runner_ledger.js;server/migrations/036_t60_packet_body.js;server/services/nfl-execution-pipeline.js,unknown (not found),live,"partial (only a generic timestamp column, not confirmed as a receipt clock: created_at)",n/a,2026-09-16
nfl_team_cards,nfl_team_cards,data_table,infra,server/db/schema/nfl-n-to-z.js,server/db/schema/nfl-n-to-z.js:551,n/a (raw storage table),derived,unknown (not found),n/a,none,n/a,unknown (not found),unmeasured,not read by the live NFL pick path; consumed only outside it by: server/services/nfl-blind-audit.js;server/services/nfl-orthogonal-specialists.js;server/services/nfl-team-card.js,unknown (not found),live,"partial (only a generic timestamp column, not confirmed as a receipt clock: created_at)",n/a,2026-09-16
nfl_team_coaches,nfl_team_coaches,data_table,roster,server/db/schema/nfl-a-to-m.js,server/db/schema/nfl-a-to-m.js:207,n/a (raw storage table),nflverse,unknown (not found),n/a,none,n/a,unknown (not found),unmeasured,in the live pick path via: server/services/nfl-coaches.js;server/services/scheduler.js  reaches ensemble ctx (nfl-roster-strength.js:362) as metadata only; no predict() reads it numerically.,unknown (not found),live,"partial (only a generic timestamp column, not confirmed as a receipt clock: fetched_at)",n/a,2026-09-16
nfl_team_feature_vectors,nfl_team_feature_vectors,data_table,infra,server/db/schema/nfl-n-to-z.js,server/db/schema/nfl-n-to-z.js:626,n/a (raw storage table),derived,unknown (not found),n/a,none,n/a,unknown (not found),unmeasured,not read by the live NFL pick path; consumed only outside it by: server/services/nfl-blind-audit.js;server/services/nfl-model-growth.js;server/services/nfl-weekly-feature-store.js,unknown (not found),live,"partial (only a generic timestamp column, not confirmed as a receipt clock: created_at)",n/a,2026-09-16
nfl_team_stadiums,nfl_team_stadiums,data_table,infra,server/db/schema/mlb-model-misc.js,server/db/schema/mlb-model-misc.js:249,n/a (raw storage table),nfelo,unknown (not found),n/a,none,n/a,unknown (not found),unmeasured,in the live pick path via: server/services/nfelo.js,unknown (not found),live,"partial (only a generic timestamp column, not confirmed as a receipt clock: fetched_at)",n/a,2026-09-16
nfl_team_week_features,nfl_team_week_features,data_table,infra,server/db/schema/nfl-n-to-z.js,server/db/schema/nfl-n-to-z.js:154,n/a (raw storage table),derived,unknown (not found),n/a,none,n/a,unknown (not found),unmeasured,in the live pick path via: server/services/football-context.js;server/services/nfl-advanced.js;server/services/nfl-auto-picks.js;server/services/nfl-engine-registry.js  features JSON blob: 127 of 183 computed feature keys (all def_*/off_* advanced EPA/success-rate keys) are never read by any consumer.,unknown (not found),live,no (no clock column of any kind),n/a,2026-09-16
nfl_teams,nfl_teams,data_table,infra,server/db/schema/core-and-fantasy.js,server/db/schema/core-and-fantasy.js:62,n/a (raw storage table),derived,unknown (not found),n/a,none,n/a,unknown (not found),unmeasured,in the live pick path via: server/services/book-feeds.js;server/services/football-context.js;server/services/matchups.js;server/services/nfl-coaches.js,unknown (not found),live,no (no clock column of any kind),n/a,2026-09-16
nfl_teaser_execution_legs,nfl_teaser_execution_legs,data_table,infra,server/migrations/012_teaser_execution_ledger.js,server/migrations/012_teaser_execution_ledger.js:33,n/a (raw storage table),internal-ledger,unknown (not found),n/a,none,n/a,unknown (not found),unmeasured,not read by the live NFL pick path; consumed only outside it by: server/betting/nfl/strategy/teaser-season.js;server/migrations/012_teaser_execution_ledger.js;server/routes/wong.js;server/services/nfl-profitability.js,unknown (not found),live,no (no clock column of any kind),n/a,2026-09-16
nfl_teaser_executions,nfl_teaser_executions,data_table,infra,server/migrations/012_teaser_execution_ledger.js,server/migrations/012_teaser_execution_ledger.js:11,n/a (raw storage table),internal-ledger,unknown (not found),n/a,none,n/a,unknown (not found),unmeasured,not read by the live NFL pick path; consumed only outside it by: server/migrations/012_teaser_execution_ledger.js;server/routes/wong.js;server/services/nfl-profitability.js;server/services/nfl-teaser-execution.js,unknown (not found),live,no (no clock column of any kind),n/a,2026-09-16
nfl_teaser_price_ledger,nfl_teaser_price_ledger,data_table,infra,server/db/schema/nfl-n-to-z.js,server/db/schema/nfl-n-to-z.js:274,n/a (raw storage table),internal-ledger,unknown (not found),n/a,none,n/a,unknown (not found),unmeasured,not read by the live NFL pick path; consumed only outside it by: server/betting/nfl/strategy/teaser-scan.js;server/betting/nfl/strategy/teaser-season.js;server/migrations/035_alt_spread_capture.js;server/routes/wong.js,unknown (not found),live,yes (has capture/receipt clock column: captured_at),n/a,2026-09-16
nfl_top100,nfl_top100,data_table,infra,server/db/schema/core-and-fantasy.js,server/db/schema/core-and-fantasy.js:336,n/a (raw storage table),derived,unknown (not found),n/a,none,n/a,unknown (not found),unmeasured,not read by the live NFL pick path; consumed only outside it by: server/routes/accolades.js;server/routes/edge.js;server/routes/nfldata.js;server/services/source-registry.js,unknown (not found),live,"partial (only a generic timestamp column, not confirmed as a receipt clock: fetched_at)",n/a,2026-09-16
nfl_total_calibrations,nfl_total_calibrations,data_table,total,server/db/schema/nfl-n-to-z.js,server/db/schema/nfl-n-to-z.js:567,n/a (raw storage table),derived,unknown (not found),n/a,none,n/a,unknown (not found),unmeasured,not read by the live NFL pick path; consumed only outside it by: server/services/nfl-total-calibration.js,unknown (not found),live,"partial (only a generic timestamp column, not confirmed as a receipt clock: created_at)",n/a,2026-09-16
nfl_total_picks,nfl_total_picks,data_table,total,server/db/schema/nfl-n-to-z.js,server/db/schema/nfl-n-to-z.js:335,n/a (raw storage table),internal-ledger,unknown (not found),n/a,none,n/a,unknown (not found),unmeasured,not read by the live NFL pick path; consumed only outside it by: server/services/nfl-pick-watch.js;server/services/nfl-props.js,unknown (not found),live,no (no clock column of any kind),n/a,2026-09-16
nfl_tweet_line_watch,nfl_tweet_line_watch,data_table,news,server/db/schema/nfl-n-to-z.js,server/db/schema/nfl-n-to-z.js:577,n/a (raw storage table),ESPN+other (RSS/TwitterAPI.io),unknown (not found),n/a,none,n/a,unknown (not found),unmeasured,not read by the live NFL pick path; consumed only outside it by: server/services/nfl-profitability.js;server/services/nfl-tweet-line-correlation.js,unknown (not found),live,"partial (only a generic timestamp column, not confirmed as a receipt clock: created_at)",n/a,2026-09-16
nfl_user_bets,nfl_user_bets,data_table,infra,server/db/schema/nfl-n-to-z.js,server/db/schema/nfl-n-to-z.js:592,n/a (raw storage table),internal-ledger,unknown (not found),n/a,none,n/a,unknown (not found),unmeasured,not read by the live NFL pick path; consumed only outside it by: server/services/nfl-user-bets.js,unknown (not found),live,no (no clock column of any kind),n/a,2026-09-16
nfl_validation_windows,nfl_validation_windows,data_table,infra,server/db/schema/nfl-a-to-m.js,server/db/schema/nfl-a-to-m.js:371,n/a (raw storage table),derived,unknown (not found),n/a,none,n/a,unknown (not found),unmeasured,not read by the live NFL pick path; consumed only outside it by: server/services/nfl-evidence.js,unknown (not found),live,"partial (only a generic timestamp column, not confirmed as a receipt clock: created_at)",n/a,2026-09-16
nfl_verified_events,nfl_verified_events,data_table,infra,server/db/schema/nfl-a-to-m.js,server/db/schema/nfl-a-to-m.js:337,n/a (raw storage table),derived,unknown (not found),n/a,none,n/a,unknown (not found),unmeasured,in the live pick path via: server/services/nfl-event-archive.js,unknown (not found),live,"partial (only a generic timestamp column, not confirmed as a receipt clock: created_at)",n/a,2026-09-16
nfl_weekly_expert_examples,nfl_weekly_expert_examples,data_table,infra,server/db/schema/nfl-a-to-m.js,server/db/schema/nfl-a-to-m.js:409,n/a (raw storage table),derived,unknown (not found),n/a,none,n/a,unknown (not found),unmeasured,in the live pick path via: server/services/nfl-replay.js,unknown (not found),live,"partial (only a generic timestamp column, not confirmed as a receipt clock: created_at)",n/a,2026-09-16
nflverse_player_positions,nflverse_player_positions,data_table,roster,server/db/schema/mlb-model-misc.js,server/db/schema/mlb-model-misc.js:292,n/a (raw storage table),nflverse,unknown (not found),n/a,none,n/a,unknown (not found),unmeasured,in the live pick path via: server/services/nfl-pbp.js;server/services/nflverse.js,unknown (not found),live,no (no clock column of any kind),n/a,2026-09-16
beat_the_close,beat_the_close,scheduler_job,market,server/services/scheduler.js,server/services/scheduler.js:826,Beat-the-close monitor,unknown (not found),unknown (not found),n/a,none,n/a,unknown (not found),unmeasured,captured and consumed by nothing that forecasts (per LATEST-PLAN DATA SOURCES section),unknown (not found),live,unknown (not found) — not individually checked for a receipt clock,n/a,2026-09-16
cfbd_rookie_usage,cfbd_rookie_usage,scheduler_job,roster,server/services/scheduler.js,server/services/scheduler.js:1006,"CollegeFootballData rookie season usage (key-gated, 0 rows per LATEST-PLAN)",unknown (not found),unknown (not found),n/a,none,n/a,unknown (not found),unmeasured,unknown (not found),unknown (not found),live,unknown (not found) — not individually checked for a receipt clock,n/a,2026-09-16
decay_watch,decay_watch,scheduler_job,infra,server/services/scheduler.js,server/services/scheduler.js:996,Decay-watch refresh,unknown (not found),unknown (not found),n/a,none,n/a,unknown (not found),unmeasured,unknown (not found),unknown (not found),live,unknown (not found) — not individually checked for a receipt clock,n/a,2026-09-16
espn_line_watch,espn_line_watch,scheduler_job,market,server/services/scheduler.js,server/services/scheduler.js:886,ESPN line-watch capture,unknown (not found),unknown (not found),n/a,none,n/a,unknown (not found),unmeasured,captured and consumed by nothing that forecasts (per LATEST-PLAN DATA SOURCES section),unknown (not found),live,unknown (not found) — not individually checked for a receipt clock,n/a,2026-09-16
espn_news,espn_news,scheduler_job,news,server/services/scheduler.js,server/services/scheduler.js:973,ESPN news ingestion,unknown (not found),unknown (not found),n/a,none,n/a,unknown (not found),unmeasured,unknown (not found),unknown (not found),live,unknown (not found) — not individually checked for a receipt clock,n/a,2026-09-16
espn_rosters,espn_rosters,scheduler_job,roster,server/services/scheduler.js,server/services/scheduler.js:798,"ESPN per-team roster feed (cuts, signings, practice-squad moves)",unknown (not found),unknown (not found),n/a,none,n/a,unknown (not found),unmeasured,reaches the live pick path directly (per LATEST-PLAN DATA SOURCES section),unknown (not found),live,unknown (not found) — not individually checked for a receipt clock,n/a,2026-09-16
evidence_daemon,evidence_daemon,scheduler_job,infra,server/services/scheduler.js,server/services/scheduler.js:928,Forward evidence capture windows,unknown (not found),unknown (not found),n/a,none,n/a,unknown (not found),unmeasured,unknown (not found),unknown (not found),live,unknown (not found) — not individually checked for a receipt clock,n/a,2026-09-16
fantasy_coordinator_refit,fantasy_coordinator_refit,scheduler_job,fantasy,server/services/scheduler.js,server/services/scheduler.js:947,Fantasy coordinator refit,unknown (not found),unknown (not found),n/a,none,n/a,unknown (not found),unmeasured,unknown (not found),unknown (not found),live,unknown (not found) — not individually checked for a receipt clock,n/a,2026-09-16
ffopportunity,ffopportunity,scheduler_job,fantasy,server/services/scheduler.js,server/services/scheduler.js:1012,ffopportunity weekly expected-fantasy-points benchmark -> nfl_ffopportunity_weekly,unknown (not found),unknown (not found),n/a,none,n/a,unknown (not found),unmeasured,captured and consumed by nothing that forecasts (per LATEST-PLAN DATA SOURCES section),unknown (not found),live,unknown (not found) — not individually checked for a receipt clock,n/a,2026-09-16
league_rosters,league_rosters,scheduler_job,roster,server/services/scheduler.js,server/services/scheduler.js:800,"Each connected fantasy league's own roster (trades, waivers, drops)",unknown (not found),unknown (not found),n/a,none,n/a,unknown (not found),unmeasured,unknown (not found),unknown (not found),live,unknown (not found) — not individually checked for a receipt clock,n/a,2026-09-16
mlb_boxscores,mlb_boxscores,scheduler_job,fantasy,server/services/scheduler.js,server/services/scheduler.js:793,MLB final boxscore settlement,unknown (not found),unknown (not found),n/a,none,n/a,unknown (not found),unmeasured,unknown (not found),unknown (not found),live,unknown (not found) — not individually checked for a receipt clock,n/a,2026-09-16
mlb_logs,mlb_logs,scheduler_job,fantasy,server/services/scheduler.js,server/services/scheduler.js:792,MLB player game logs,unknown (not found),unknown (not found),n/a,none,n/a,unknown (not found),unmeasured,unknown (not found),unknown (not found),live,unknown (not found) — not individually checked for a receipt clock,n/a,2026-09-16
mlb_probables,mlb_probables,scheduler_job,fantasy,server/services/scheduler.js,server/services/scheduler.js:794,MLB probable starters,unknown (not found),unknown (not found),n/a,none,n/a,unknown (not found),unmeasured,unknown (not found),unknown (not found),live,unknown (not found) — not individually checked for a receipt clock,n/a,2026-09-16
mlb_schedule,mlb_schedule,scheduler_job,fantasy,server/services/scheduler.js,server/services/scheduler.js:791,MLB schedule and results,unknown (not found),unknown (not found),n/a,none,n/a,unknown (not found),unmeasured,unknown (not found),unknown (not found),live,unknown (not found) — not individually checked for a receipt clock,n/a,2026-09-16
mlb_tomorrow_picks,mlb_tomorrow_picks,scheduler_job,fantasy,server/services/scheduler.js,server/services/scheduler.js:795,Tomorrow's MLB picks,unknown (not found),unknown (not found),n/a,none,n/a,unknown (not found),unmeasured,unknown (not found),unknown (not found),live,unknown (not found) — not individually checked for a receipt clock,n/a,2026-09-16
nfelo_sync,nfelo_sync,scheduler_job,infra,server/services/scheduler.js,server/services/scheduler.js:814,"nfelo GitHub CSV sync -> nfl_nfelo_games/qb/lines, nfl_stadiums",unknown (not found),unknown (not found),n/a,none,n/a,unknown (not found),unmeasured,reaches the live pick path directly (per LATEST-PLAN DATA SOURCES section),unknown (not found),live,unknown (not found) — not individually checked for a receipt clock,n/a,2026-09-16
nfl_book_feeds_extra,nfl_book_feeds_extra,scheduler_job,market,server/services/scheduler.js,server/services/scheduler.js:812,"Extra book feeds (Rotowire, SportsbookReview)",unknown (not found),unknown (not found),n/a,none,n/a,unknown (not found),unmeasured,feeds forecasts but not the served pick,unknown (not found),live,unknown (not found) — not individually checked for a receipt clock,n/a,2026-09-16
nfl_book_feeds_fast,nfl_book_feeds_fast,scheduler_job,market,server/services/scheduler.js,server/services/scheduler.js:820,Fast-tier book feeds,unknown (not found),unknown (not found),n/a,none,n/a,unknown (not found),unmeasured,feeds forecasts but not the served pick,unknown (not found),live,unknown (not found) — not individually checked for a receipt clock,n/a,2026-09-16
nfl_book_feeds_slow,nfl_book_feeds_slow,scheduler_job,market,server/services/scheduler.js,server/services/scheduler.js:822,Slow-tier book feeds,unknown (not found),unknown (not found),n/a,none,n/a,unknown (not found),unmeasured,feeds forecasts but not the served pick,unknown (not found),live,unknown (not found) — not individually checked for a receipt clock,n/a,2026-09-16
nfl_coaches,nfl_coaches,scheduler_job,roster,server/services/scheduler.js,server/services/scheduler.js:1010,Coaches sync (nflverse) -> nfl_team_coaches,unknown (not found),unknown (not found),n/a,none,n/a,unknown (not found),unmeasured,reaches the live pick path directly (per LATEST-PLAN DATA SOURCES section),unknown (not found),live,unknown (not found) — not individually checked for a receipt clock,n/a,2026-09-16
nfl_decision_ledger,nfl_decision_ledger,scheduler_job,infra,server/services/scheduler.js,server/services/scheduler.js:941,NFL decision ledger refresh (feeds live pick path per LATEST-PLAN),unknown (not found),unknown (not found),n/a,none,n/a,unknown (not found),unmeasured,reaches the live pick path directly (per LATEST-PLAN DATA SOURCES section),unknown (not found),live,unknown (not found) — not individually checked for a receipt clock,n/a,2026-09-16
nfl_external_ratings,nfl_external_ratings,scheduler_job,infra,server/services/scheduler.js,server/services/scheduler.js:816,External team ratings (ESPN FPI + TeamRankings) -> nfl_external_ratings,unknown (not found),unknown (not found),n/a,none,n/a,unknown (not found),unmeasured,captured and consumed by nothing that forecasts (per LATEST-PLAN DATA SOURCES section),unknown (not found),live,unknown (not found) — not individually checked for a receipt clock,n/a,2026-09-16
nfl_forecast_history,nfl_forecast_history,scheduler_job,infra,server/services/scheduler.js,server/services/scheduler.js:818,Weather forecast history capture -> nfl_game_weather_forecast_history,unknown (not found),unknown (not found),n/a,none,n/a,unknown (not found),unmeasured,captured and consumed by nothing that forecasts (per LATEST-PLAN DATA SOURCES section),unknown (not found),live,unknown (not found) — not individually checked for a receipt clock,n/a,2026-09-16
nfl_forward_settle,nfl_forward_settle,scheduler_job,infra,server/services/scheduler.js,server/services/scheduler.js:805,Forward-capture settlement,unknown (not found),unknown (not found),n/a,none,n/a,unknown (not found),unmeasured,unknown (not found),unknown (not found),live,unknown (not found) — not individually checked for a receipt clock,n/a,2026-09-16
nfl_injuries,nfl_injuries,scheduler_job,injury,server/services/scheduler.js,server/services/scheduler.js:1000,NFL injuries sync (nflverse) -> nfl_injuries,unknown (not found),unknown (not found),n/a,none,n/a,unknown (not found),unmeasured,reaches the live pick path directly (per LATEST-PLAN DATA SOURCES section),unknown (not found),live,unknown (not found) — not individually checked for a receipt clock,n/a,2026-09-16
nfl_learned_shadow,nfl_learned_shadow,scheduler_job,infra,server/services/scheduler.js,server/services/scheduler.js:864,Learned-shadow strategy runner (shadow serve),unknown (not found),unknown (not found),n/a,none,n/a,unknown (not found),unmeasured,feeds forecasts but not the served pick,unknown (not found),live,unknown (not found) — not individually checked for a receipt clock,n/a,2026-09-16
nfl_line_snapshots,nfl_line_snapshots,scheduler_job,market,server/services/scheduler.js,server/services/scheduler.js:807,Multi-book line snapshots (CLV) -> nfl_line_snapshots,unknown (not found),unknown (not found),n/a,none,n/a,unknown (not found),unmeasured,feeds forecasts but not the served pick,unknown (not found),live,unknown (not found) — not individually checked for a receipt clock,n/a,2026-09-16
nfl_lines,nfl_lines,scheduler_job,market,server/services/scheduler.js,server/services/scheduler.js:804,"NFL betting lines and finals (ESPN, free) -> game_lines",unknown (not found),unknown (not found),n/a,none,n/a,unknown (not found),unmeasured,reaches the live pick path directly (per LATEST-PLAN DATA SOURCES section),unknown (not found),live,unknown (not found) — not individually checked for a receipt clock,n/a,2026-09-16
nfl_model_growth,nfl_model_growth,scheduler_job,infra,server/services/scheduler.js,server/services/scheduler.js:934,Model-growth run refresh -> nfl_model_growth_runs,unknown (not found),unknown (not found),n/a,none,n/a,unknown (not found),unmeasured,unknown (not found),unknown (not found),live,unknown (not found) — not individually checked for a receipt clock,n/a,2026-09-16
nfl_model_watch,nfl_model_watch,scheduler_job,infra,server/services/scheduler.js,server/services/scheduler.js:982,Model-watch run refresh -> nfl_model_watch_runs,unknown (not found),unknown (not found),n/a,none,n/a,unknown (not found),unmeasured,unknown (not found),unknown (not found),live,unknown (not found) — not individually checked for a receipt clock,n/a,2026-09-16
nfl_news_signals,nfl_news_signals,scheduler_job,news,server/services/scheduler.js,server/services/scheduler.js:975,News signal extraction -> nfl_news_signals,unknown (not found),unknown (not found),n/a,none,n/a,unknown (not found),unmeasured,unknown (not found),unknown (not found),live,unknown (not found) — not individually checked for a receipt clock,n/a,2026-09-16
nfl_offseason_depth_injury,nfl_offseason_depth_injury,scheduler_job,injury,server/services/scheduler.js,server/services/scheduler.js:939,"Offseason depth/injury refresh -> nfl_depth, nfl_injuries",unknown (not found),unknown (not found),n/a,none,n/a,unknown (not found),unmeasured,reaches the live pick path directly (per LATEST-PLAN DATA SOURCES section),unknown (not found),live,unknown (not found) — not individually checked for a receipt clock,n/a,2026-09-16
nfl_pick_watch,nfl_pick_watch,scheduler_job,infra,server/services/scheduler.js,server/services/scheduler.js:833,Pick-watch log refresh -> nfl_pick_watch_log,unknown (not found),unknown (not found),n/a,none,n/a,unknown (not found),unmeasured,unknown (not found),unknown (not found),live,unknown (not found) — not individually checked for a receipt clock,n/a,2026-09-16
nfl_play_by_play,nfl_play_by_play,scheduler_job,infra,server/services/scheduler.js,server/services/scheduler.js:892,Live play-by-play polling -> nfl_play_by_play,unknown (not found),unknown (not found),n/a,none,n/a,unknown (not found),unmeasured,unknown (not found),unknown (not found),live,unknown (not found) — not individually checked for a receipt clock,n/a,2026-09-16
nfl_prop_calibration,nfl_prop_calibration,scheduler_job,props,server/services/scheduler.js,server/services/scheduler.js:945,Prop calibration refresh -> nfl_prop_calibration_fits,unknown (not found),unknown (not found),n/a,none,n/a,unknown (not found),unmeasured,unknown (not found),unknown (not found),live,unknown (not found) — not individually checked for a receipt clock,n/a,2026-09-16
nfl_prop_capture,nfl_prop_capture,scheduler_job,props,server/services/scheduler.js,server/services/scheduler.js:967,Prop capture -> nfl_prop_quote_snapshots,unknown (not found),unknown (not found),n/a,none,n/a,unknown (not found),unmeasured,captured and consumed by nothing that forecasts (per LATEST-PLAN DATA SOURCES section),unknown (not found),live,unknown (not found) — not individually checked for a receipt clock,n/a,2026-09-16
nfl_prop_clv_free,nfl_prop_clv_free,scheduler_job,props,server/services/scheduler.js,server/services/scheduler.js:969,Free prop CLV refresh -> nfl_prop_clv,unknown (not found),unknown (not found),n/a,none,n/a,unknown (not found),unmeasured,captured and consumed by nothing that forecasts (per LATEST-PLAN DATA SOURCES section),unknown (not found),live,unknown (not found) — not individually checked for a receipt clock,n/a,2026-09-16
nfl_prop_feeds,nfl_prop_feeds,scheduler_job,props,server/services/scheduler.js,server/services/scheduler.js:810,Player prop feeds,unknown (not found),unknown (not found),n/a,none,n/a,unknown (not found),unmeasured,unknown (not found),unknown (not found),live,unknown (not found) — not individually checked for a receipt clock,n/a,2026-09-16
nfl_qbr_weather,nfl_qbr_weather,scheduler_job,weather,server/services/scheduler.js,server/services/scheduler.js:824,"QBR + weather sync -> nfl_qbr_weekly, nfl_game_weather",unknown (not found),unknown (not found),n/a,none,n/a,unknown (not found),unmeasured,unknown (not found),unknown (not found),live,unknown (not found) — not individually checked for a receipt clock,n/a,2026-09-16
nfl_reports,nfl_reports,scheduler_job,infra,server/services/scheduler.js,server/services/scheduler.js:943,Cached report refresh -> nfl_cached_reports,unknown (not found),unknown (not found),n/a,none,n/a,unknown (not found),unmeasured,unknown (not found),unknown (not found),live,unknown (not found) — not individually checked for a receipt clock,n/a,2026-09-16
nfl_rookie_public,nfl_rookie_public,scheduler_job,roster,server/services/scheduler.js,server/services/scheduler.js:1004,Public rookie evidence sync -> nfl_rookie_evidence,unknown (not found),unknown (not found),n/a,none,n/a,unknown (not found),unmeasured,unknown (not found),unknown (not found),live,unknown (not found) — not individually checked for a receipt clock,n/a,2026-09-16
nfl_sgo_snapshot,nfl_sgo_snapshot,scheduler_job,infra,server/services/scheduler.js,server/services/scheduler.js:808,SportsGameOdds snapshot capture,unknown (not found),unknown (not found),n/a,none,n/a,unknown (not found),unmeasured,feeds forecasts but not the served pick,unknown (not found),live,unknown (not found) — not individually checked for a receipt clock,n/a,2026-09-16
nfl_t60_runner,nfl_t60_runner,scheduler_job,infra,server/services/scheduler.js,server/services/scheduler.js:850,"T-60 prospective capture: open, freeze and account for every scheduled game's cutoff -> nfl_t60_observations, nfl_capacity_events",unknown (not found),unknown (not found),n/a,none,n/a,unknown (not found),unmeasured,reaches the live pick path directly (per LATEST-PLAN DATA SOURCES section),unknown (not found),live,unknown (not found) — not individually checked for a receipt clock,n/a,2026-09-16
nfl_transactions,nfl_transactions,scheduler_job,infra,server/services/scheduler.js,server/services/scheduler.js:1002,NFL transactions sync -> nfl_player_roster_events,unknown (not found),unknown (not found),n/a,none,n/a,unknown (not found),unmeasured,unknown (not found),unknown (not found),live,unknown (not found) — not individually checked for a receipt clock,n/a,2026-09-16
nfl_weekly_learning,nfl_weekly_learning,scheduler_job,infra,server/services/scheduler.js,server/services/scheduler.js:929,Weekly learning refresh,unknown (not found),unknown (not found),n/a,none,n/a,unknown (not found),unmeasured,unknown (not found),unknown (not found),live,unknown (not found) — not individually checked for a receipt clock,n/a,2026-09-16
player_rosters,player_rosters,scheduler_job,roster,server/services/scheduler.js,server/services/scheduler.js:796,Player team assignments (fantasy roster spots),unknown (not found),unknown (not found),n/a,none,n/a,unknown (not found),unmeasured,unknown (not found),unknown (not found),live,unknown (not found) — not individually checked for a receipt clock,n/a,2026-09-16
polymarket,polymarket,scheduler_job,infra,server/services/scheduler.js,server/services/scheduler.js:908,"Polymarket NFL markets and order books (free, 22.3M rows)",unknown (not found),unknown (not found),n/a,none,n/a,unknown (not found),unmeasured,captured and consumed by nothing that forecasts (per LATEST-PLAN DATA SOURCES section),unknown (not found),live,unknown (not found) — not individually checked for a receipt clock,n/a,2026-09-16
polymarket_line_watch,polymarket_line_watch,scheduler_job,market,server/services/scheduler.js,server/services/scheduler.js:881,Polymarket line-watch capture,unknown (not found),unknown (not found),n/a,none,n/a,unknown (not found),unmeasured,captured and consumed by nothing that forecasts (per LATEST-PLAN DATA SOURCES section),unknown (not found),live,unknown (not found) — not individually checked for a receipt clock,n/a,2026-09-16
prediction_markets,prediction_markets,scheduler_job,infra,server/services/scheduler.js,server/services/scheduler.js:900,"Kalshi prediction-market quotes and trade tape (free, 588k rows)",unknown (not found),unknown (not found),n/a,none,n/a,unknown (not found),unmeasured,captured and consumed by nothing that forecasts (per LATEST-PLAN DATA SOURCES section),unknown (not found),live,unknown (not found) — not individually checked for a receipt clock,n/a,2026-09-16
press_conferences,press_conferences,scheduler_job,infra,server/services/scheduler.js,server/services/scheduler.js:914,Press-conference transcript capture (YouTube via yt-dlp),unknown (not found),unknown (not found),n/a,none,n/a,unknown (not found),unmeasured,captured and consumed by nothing that forecasts (per LATEST-PLAN DATA SOURCES section),unknown (not found),live,unknown (not found) — not individually checked for a receipt clock,n/a,2026-09-16
rss_news,rss_news,scheduler_job,news,server/services/scheduler.js,server/services/scheduler.js:971,RSS news ingestion -> nfl_news_events/nfl_news_signals,unknown (not found),unknown (not found),n/a,none,n/a,unknown (not found),unmeasured,unknown (not found),unknown (not found),live,unknown (not found) — not individually checked for a receipt clock,n/a,2026-09-16
team_analyses,team_analyses,scheduler_job,infra,server/services/scheduler.js,server/services/scheduler.js:1008,Team analysis refresh -> nfl_team_cards,unknown (not found),unknown (not found),n/a,none,n/a,unknown (not found),unmeasured,unknown (not found),unknown (not found),live,unknown (not found) — not individually checked for a receipt clock,n/a,2026-09-16
trade_asset_universe_warm,trade_asset_universe_warm,scheduler_job,fantasy,server/services/scheduler.js,server/services/scheduler.js:955,Trade asset universe warm cache,unknown (not found),unknown (not found),n/a,none,n/a,unknown (not found),unmeasured,unknown (not found),unknown (not found),live,unknown (not found) — not individually checked for a receipt clock,n/a,2026-09-16
twitter_insiders,twitter_insiders,scheduler_job,news,server/services/scheduler.js,server/services/scheduler.js:998,TwitterAPI.io insiders capture -> nfl_tweet_line_watch,unknown (not found),unknown (not found),n/a,none,n/a,unknown (not found),unmeasured,captured and consumed by nothing that forecasts (per LATEST-PLAN DATA SOURCES section),unknown (not found),live,unknown (not found) — not individually checked for a receipt clock,n/a,2026-09-16
maxAgeMinutes,maxAgeMinutes (NOT a real job key),scheduler_job,infra,server/services/scheduler.js,server/services/scheduler.js:902,n/a — not a real job,n/a,n/a,n/a,none,n/a,n/a,unmeasured,"this is a parser artifact, not a job: the skeleton's key-extraction regex matched the continuation line 'maxAgeMinutes: 3, tier: ...' that closes the multi-line prediction_markets (scheduler.js:900-902) and polymarket (scheduler.js:908-911) job entries, not an actual JOBS property","fix the skeleton extraction regex to require the line start with a real JS identifier followed by ': {' or ': run', not any 'key:' continuation line",retired,n/a,n/a,2026-09-16
ingest_gamescript,gamescript.js line sync,ingestion,market,server/services/gamescript.js,server/services/gamescript.js:36,"writes game_lines (spread/total/open/moneyline, historical + current)",nflverse games.csv (github.com/nflverse/nfldata) + ESPN scoreboard API,"open_spread,open_total,spread,total,moneyline",n/a,none,n/a,unknown (not found),unmeasured,"game_lines has two writers (gamescript.js primary, odds-archive.js secondary backfill) per LATEST-PLAN DATA SOURCES anomalies",unknown (not found),live,no — game_lines rows are overwritten/backfilled by a second writer with no independent receipt clock noted,yes,2026-09-16
ingest_nfl_opening_lines,nfl-opening-lines.js opener ingest,ingestion,market,server/services/nfl-opening-lines.js,server/services/nfl-opening-lines.js:86,ingests nflverse initial_lines.csv opening spread/total,nflverse initial_lines.csv,"open_spread,open_total",n/a,none,n/a,unknown (not found),unmeasured,"2021 openers are NOT trustworthy: mean |open-close| 3.0-5.6 pts weeks 7-18, maxima 12-15 pts, vs 1.1-1.8 pts every other season 2022-2025 — per LATEST-PLAN opener-CLV preregistration section; 2021 must never be pooled with other seasons",exclude 2021 from any pooled opener-based analysis (plan already does this),live,"no — ingested as a static CSV snapshot, no receipt/capture clock of its own","no (opener, not closing)",2026-09-16
ingest_odds_archive,odds-archive.js Oddstrader archive scrape,ingestion,market,server/services/odds-archive.js,server/services/odds-archive.js:48,writes nfl_odds_archive; backfills game_lines.open_spread/open_total (COALESCE) at :149-153,Oddstrader archive scrape (Pinnacle-derived median),"open_spread,open_total",n/a,none,n/a,unknown (not found),unmeasured,"backfill path had a sign-corruption bug for 2022-2025 rows, fixed by migration 047_backfill_open_spread_pinnacle_2022_2025.js",unknown (not found),live,unknown (not found),no (backfills openers),2026-09-16
ingest_book_feeds,book-feeds.js multi-book scrape,ingestion,market,server/services/book-feeds.js,server/services/book-feeds.js:83,"writes nfl_line_snapshots, nfl_quote_tape/nfl_quote_batches","direct scrapes: Oddstrader odds-v2 (:353), Pinnacle guest API (:358-359), Kambi/BetRivers (:364), Bovada (:366), FanDuel (:346)","spread,total,moneyline,provider",n/a,none,n/a,unknown (not found),unmeasured,nfl_line_snapshots has five separate writers with different provider labels; received_at is a constant for archive-sourced rows per migration 052,unknown (not found),live,yes (captures current live odds with a capture timestamp),yes,2026-09-16
ingest_book_feeds_extra,book-feeds-extra.js Rotowire/SBR scrape,ingestion,market,server/services/book-feeds-extra.js,server/services/book-feeds-extra.js:32,writes nfl_line_snapshots (extra providers),"Rotowire (:206), SportsbookReview (:210)","spread,total,moneyline,provider",n/a,none,n/a,unknown (not found),unmeasured,one of five writers into nfl_line_snapshots — see book-feeds.js row for the shared receipt-clock caveat,unknown (not found),live,yes (captures current live odds),yes,2026-09-16
ingest_line_shopping,line-shopping.js snapshot/shop,ingestion,market,server/services/line-shopping.js,server/services/line-shopping.js:35,writes/reads line snapshots for shopping the best current price,The Odds API (via odds-api.js),"spread,total,moneyline",n/a,none,n/a,unknown (not found),unmeasured,unknown (not found),unknown (not found),live,yes (live snapshot),yes,2026-09-16
ingest_sportsgameodds,sportsgameodds.js SGO capture,ingestion,market,server/services/sportsgameodds.js,server/services/sportsgameodds.js:140,writes nfl_sgo snapshot rows (captureSportsGameOddsSnapshot),SportsGameOdds api.sportsgameodds.com/v2 (metered),"spread,total,moneyline",n/a,none,n/a,unknown (not found),unmeasured,unknown (not found),unknown (not found),live,yes (live capture),yes,2026-09-16
ingest_odds_api,odds-api.js The Odds API client,ingestion,market,server/services/odds-api.js,server/services/odds-api.js:17,fetches spread/total/moneyline for NFL+MLB from The Odds API (metered),The Odds API api.the-odds-api.com/v4,"spread,total,moneyline",n/a,none,n/a,unknown (not found),unmeasured,degrades cleanly without a key (hasKey()=false -> model-only fallback) per file's own header comment,unknown (not found),live,yes (live capture),yes,2026-09-16
ingest_nfl_weekly_feature_store,nfl-weekly-feature-store.js,ingestion,infra,server/services/nfl-weekly-feature-store.js,server/services/nfl-weekly-feature-store.js:181,builds nfl_team_feature_vectors/nfl_player_feature_vectors/nfl_feature_dictionary from raw nflverse tables,"nfl_team_week_features,nfl_player_week_features,nfl_snaps,nfl_pfr_adv,nfl_play_charting,nfl_play_formations",301 feature variables computed per LATEST-PLAN 'THE feature-store discovery' — only 3 reach the live model,n/a,derived,n/a,unknown (not found),unmeasured,"a finished, ready-to-use feature contract exists and is connected to nothing live, per LATEST-PLAN 'THE actual biggest finding' section",wire the existing feature contract into the live ensemble (per LATEST-PLAN roadmap),live,"no — built from nfl_team_week_features/nfl_snaps/nfl_pfr_adv, none of which carry a receipt clock",n/a,2026-09-16
ingest_nfl_advanced,nfl-advanced.js nflverse advanced-stats sync,ingestion,roster,server/services/nfl-advanced.js,server/services/nfl-advanced.js:100,"writes nfl_ngs, nfl_snaps, nfl_depth, nfl_pfr_adv from nflverse releases","nflverse GitHub releases: ngs, snap_counts, depth_charts, pfr_advstats",n/a,n/a,none,n/a,unknown (not found),unmeasured,"three of the four tables it writes (nfl_snaps, nfl_depth's non-captured fields, nfl_pfr_adv) carry no receipt clock; see FINAL ORDER #3",unknown (not found),live,partial (nfl_depth gets its own captured clock; nfl_snaps/nfl_pfr_adv/nfl_ngs do not),n/a,2026-09-16
ingest_nfl_qbr,nfl-qbr.js QBR sync,ingestion,roster,server/services/nfl-qbr.js,server/services/nfl-qbr.js:18,writes nfl_qbr_weekly,nflverse espn_data/qbr_week_level.csv mirror,"qbr,epa",n/a,none,n/a,unknown (not found),unmeasured,unknown (not found),unknown (not found),live,unknown (not found) — not independently checked for a receipt clock,n/a,2026-09-16
ingest_nfl_external_ratings,nfl-external-ratings.js FPI+TeamRankings sync,ingestion,market,server/services/nfl-external-ratings.js,server/services/nfl-external-ratings.js:74,writes nfl_external_ratings (espn_fpi + teamrankings_predictive),"ESPN FPI JSON, TeamRankings predictive-ratings HTML",fpi_diff,n/a,none,n/a,unknown (not found),unmeasured,"fpi_diff is computed (:260) and consumed by nothing, per LATEST-PLAN DATA SOURCES anomalies",wire fpi_diff into a consumer or remove the dead computation,live,unknown (not found) — not independently checked for a receipt clock,n/a,2026-09-16
ingest_nfl_weather,nfl-weather.js game-weather sync,ingestion,weather,server/services/nfl-weather.js,server/services/nfl-weather.js:51,writes nfl_game_weather,Open-Meteo API,"temp,wind,precip",n/a,none,n/a,unknown (not found),unmeasured,unknown (not found),unknown (not found),live,unknown (not found),n/a,2026-09-16
ingest_nfl_weather_history,nfl-weather-history.js forecast-history sync,ingestion,weather,server/services/nfl-weather-history.js,server/services/nfl-weather-history.js:80,writes nfl_game_weather_forecast_history,Open-Meteo previous-runs API,lead_days forecast snapshots,n/a,none,n/a,unknown (not found),unmeasured,unknown (not found),unknown (not found),live,yes (captures forecast-as-of lead-day snapshots by design),n/a,2026-09-16
ingest_nfl_officials,nfl-officials.js referee sync,ingestion,refs,server/services/nfl-officials.js,server/services/nfl-officials.js:64,writes nfl_officials,unknown (not found) — source not independently confirmed this session,n/a,n/a,none,n/a,unknown (not found),unmeasured,unknown (not found),unknown (not found),live,unknown (not found),n/a,2026-09-16
ingest_nfl_coaches,nfl-coaches.js coach sync,ingestion,roster,server/services/nfl-coaches.js,server/services/nfl-coaches.js:53,writes nfl_team_coaches,nflverse (coaches release),n/a,n/a,none,n/a,unknown (not found),unmeasured,"nfl_team_coaches reaches ensemble ctx as metadata only; no predict() reads it numerically, per LATEST-PLAN DATA SOURCES anomalies",unknown (not found),live,unknown (not found),n/a,2026-09-16
ingest_nfelo,nfelo.js greerreNFL CSV sync,ingestion,market,server/services/nfelo.js,server/services/nfelo.js:50,"writes nfl_nfelo_games, nfl_nfelo_qb, nfl_nfelo_lines, nfl_stadiums, nfl_team_stadiums","greerreNFL GitHub CSVs: qb_elos.csv, nfelo_games.csv, historic_projected_spreads.csv, lines.csv, stadiums.csv, team_stadiums.csv","elo,projected_spread",n/a,elo,n/a,unknown (not found),unmeasured,unknown (not found),unknown (not found),live,unknown (not found),n/a,2026-09-16
ingest_nfl_rookie_ingest,nfl-rookie-ingest.js draft/combine sync,ingestion,roster,server/services/nfl-rookie-ingest.js,server/services/nfl-rookie-ingest.js:56,writes nfl_rookie_evidence,"nflverse draft/combine releases + CollegeFootballData API (key-gated, 0 rows per LATEST-PLAN)",n/a,n/a,none,n/a,unknown (not found),unmeasured,unknown (not found),unknown (not found),live,unknown (not found),n/a,2026-09-16
ingest_nfl_formations,nfl-formations.js FTN charting sync,ingestion,roster,server/services/nfl-formations.js,server/services/nfl-formations.js:53,"writes nfl_play_formations (ingestFormations), nfl_play_charting (ingestCharting)",nflverse FTN charting ftn_charting_{season}.csv (:97),n/a,n/a,none,n/a,unknown (not found),unmeasured,unknown (not found),unknown (not found),live,unknown (not found),n/a,2026-09-16
eval_nfl_replay,nfl-replay.js historical replay/backtest,evaluation,spread,server/services/nfl-replay.js,server/services/nfl-replay.js:58,"walk-forward replay grading (uncertainty, opener-regrade counterfactuals) into nfl_replay_runs/nfl_replay_bets","nfl_decision_runs,nfl_decision_events,nfl_candidate_input_audits,nfl_neural_replay_audits,nfl_policy_audits,nfl_weekly_expert_examples",n/a,forecaster components under test,simulation,self,unknown (not found),"drive-sim 52.14% ATS pooled 256-235 over 2021-2025 walk-forward (491 games), P(ATS>=256|break-even)=0.56 — not distinguishable from break-even (docs/evidence/2026-09-16/drive-sim-backtest-post-final-order-2.json); the commonly-cited 42.86% figure has NO recorded provenance anywhere in the repo",the 42.86%/'trend totals 43.81%'/'GBM-on-residual worse than zero' figures cited in gridiron-model.js comments are unreproducible — no sample size/season/config recorded (LATEST-PLAN Section B),add sample-size/season/config provenance metadata to every measured-dead claim in gridiron-model.js,live,n/a,yes (graded against closing line by default; opener variant exists in preregistered CLV measurement),2026-09-16
eval_nfl_blind_audit,nfl-blind-audit.js outcome-blind historical diagnostic,evaluation,spread,server/services/nfl-blind-audit.js,server/services/nfl-blind-audit.js:210,runs outcome-blind replay of opened seasons into nfl_blind_audit_runs/weeks/week_performance,"nfl_depth,nfl_injuries,nfl_snaps,nfl_pfr_adv,nfl_ngs,nfl_team_week_features,nfl_play_by_play,nfl_news_signals",n/a,forecaster components under test,simulation,self,unknown (not found),unmeasured,unknown (not found),unknown (not found),live,n/a,yes,2026-09-16
eval_audit_registry,audit-registry.js preregistration/seal,evaluation,infra,server/services/audit-registry.js,server/services/audit-registry.js:192,seals audits with a tightening Sidak-step alpha; runAudit() writes significant + (new) corrected_alpha_at_seal/prior_tests_at_seal,its own audit registry table,n/a,n/a,bayes_eb,self,yes — migration 054's own test pins that the bar genuinely tightens as the registry fills,"""FINAL ORDER #4"": migration 054 adds corrected_alpha_at_seal and prior_tests_at_seal, previously discarded despite runAudit() always computing a Sidak-tightened bar","before migration 054, a sealed row recorded significant but not the alpha it cleared nor the prior-test count, so a reader could not tell whether a result cleared 0.05 or 0.002",unknown (not found),live,n/a,n/a,2026-09-16
eval_forecast_comparison,forecast-comparison.js DM + Giacomini-White,evaluation,spread,server/services/forecast-comparison.js,server/services/forecast-comparison.js:228,dieboldMariano + (new) Giacomini-White conditional predictive ability test,forecaster loss series (caller-supplied),n/a,forecaster components under test,none (statistical test),self,yes — GW's test pins that with a constant conditioning vector it reduces to DM,"""FINAL ORDER #4"": GW asks whether A is knowably better AT A GIVEN TIME, the right question when models are refit at every walk-forward cutoff; honest limit recorded in code: the chi-squared reference is asymptotic with no small-sample correction, so on ~18-week samples a marginal p is no evidence",unknown (not found),unknown (not found),live,n/a,yes,2026-09-16
eval_backtest_significance,backtest-significance.js block bootstrap,evaluation,spread,server/services/backtest-significance.js,server/services/backtest-significance.js:57,pairedBootstrapDiff — week-clustered block bootstrap significance for backtest comparisons,caller-supplied prediction/truth series,n/a,n/a,none (statistical test),self,yes,unmeasured,unknown (not found),unknown (not found),live,n/a,n/a,2026-09-16
eval_clv_core,clv-core.js CLV math,evaluation,market,server/services/clv-core.js,server/services/clv-core.js:70,signedClvPoints — the CLV grading primitive used across execution/decision-tape rows,"nfl_line_snapshots,nfl_bet_log",n/a,n/a,none (formula),n/a,unknown (not found),unmeasured,unknown (not found),unknown (not found),live,n/a,yes,2026-09-16
eval_nfl_execution_clv,nfl-execution-clv.js CLV grading pipeline,evaluation,market,server/services/nfl-execution-clv.js,server/services/nfl-execution-clv.js:49,grades executed bets against closing lines into nfl_clv_grades (CLV_GRADING_VERSION 'nfl-clv-v2-c13-c14-canonical-event-full-game'),"nfl_bet_log,nfl_line_snapshots,nfl_clv_grades",n/a,n/a,none (formula),clv-core.js,unknown (not found),unmeasured,unknown (not found),unknown (not found),live,n/a,yes,2026-09-16
eval_nfl_decision_tape,nfl-decision-tape.js decision-identity ledger,evaluation,infra,server/services/nfl-decision-tape.js,server/services/nfl-decision-tape.js:80,records DECISION_TAPE_VERSION 'nfl-decision-tape-v2-c01-c02' identity/lifecycle rows into nfl_decision_runs/nfl_decision_events,"nfl_decision_runs,nfl_decision_events,nfl_decision_run_invalidations",n/a,n/a,none (ledger),n/a,unknown (not found),unmeasured,unknown (not found),unknown (not found),live,n/a,n/a,2026-09-16
eval_modeling_contracts,server/modeling/contracts.js point-in-time guards,evaluation,infra,server/modeling/contracts.js,"server/modeling/contracts.js:20 (assertTimestampedObservation, older/enforced); server/modeling/contracts.js:147 (admitPointInTimeRow, new/unenforced)","assertTimestampedObservation guards the FANTASY walk-forward path (enforced); admitPointInTimeRow (new, FINAL ORDER #3) guards nfl_injuries/nfl_depth/nfl_team_week_features/nfl_snaps/nfl_pfr_adv row admission by cutoff","nfl_injuries,nfl_depth,nfl_team_week_features,nfl_snaps,nfl_pfr_adv",n/a,n/a,rule,self (12 tests),yes (12 tests),"at a simulated 2025 Week-5 kickoff cutoff, strict admission refuses 10,080 rows: nfl_injuries 1,024/1,024, nfl_snaps 5,971/5,971, nfl_pfr_adv 2,953/2,953, nfl_team_week_features 132/132 (all 100%); only nfl_depth survives (11,004 admitted, 0 refused) — docs/evidence/2026-09-16/point-in-time-admission-report.json, scripts/point-in-time-admission-report.mjs","""FINAL ORDER #3"": guard built, tested (12 tests) and shipped but NOT enforced anywhere in the live serving path — Nick explicitly deferred the enforcement decision on 2026-09-16 pending (a) trustworthy historical measurement chain and (b) a product decision on what to claim when inputs have no clock",wire admitPointInTimeRow into the live serving path once (a) and (b) above are resolved (Nick's own deferred-decision note),unenforced,partial (the guard exists and is correct; it governs tables that are themselves only partial/no point-in-time-safe per the table above),n/a,2026-09-16
eval_governed_comparison,server/modeling/governed-comparison.js Holm-governed comparison,evaluation,spread,server/modeling/governed-comparison.js,"server/modeling/governed-comparison.js:103 (holmAdjust), :155 (governedComparison)",Holm step-down multiplicity correction across a declared test family + governed model-vs-model comparison,caller-supplied component test results,n/a,n/a,none (statistical test),self,unknown (not found),"""FINAL ORDER #4"": on the residual gate's declared family, family_size 32, pass_count_raw 0, pass_count_holm 0 (best raw p 0.38 vs 0.05 bar) — docs/evidence/2026-09-16/residual-gate-holm-correction.txt","this codebase carries THREE independent Holm implementations (stats-util.js, governed-comparison.js, player-head-validation.js) — checked mathematically equivalent, but a fourth would be a duplicate-formula defect per the recurring checklist",unknown (not found),live,n/a,n/a,2026-09-16
eval_walk_forward,server/modeling/walk-forward.js walk-forward splitter,evaluation,infra,server/modeling/walk-forward.js,"server/modeling/walk-forward.js:35 (createWalkForwardSplits), :84 (runWalkForward), :112 (openFinalHoldout)",creates walk-forward train/test splits and runs a candidate model through them; opens a final holdout only when authorized,caller-supplied observations,n/a,n/a,none (harness),self,unknown (not found),unmeasured,unknown (not found),unknown (not found),live,n/a,n/a,2026-09-16
eval_data_lineage_inventory,scripts/data-lineage-inventory.mjs table-reader mapper,evaluation,infra,scripts/data-lineage-inventory.mjs,"scripts/data-lineage-inventory.mjs:128 (DEFAULT_PICK_PATH_FILES), :167 (computeReachableFiles)","grep/static-analysis mapper of which files read which of the 129 nfl_ tables, and reachability from the live pick path","all 129 nfl_ tables (read-only static analysis, never opens the DB)",n/a,n/a,heuristic,n/a,unknown (not found),70 of 129 nfl_ tables have no reader in server/scripts/research; nfl_team_week_features.features JSON blob has 127/183 computed feature keys unused — docs/evidence/2026-09-16/data-lineage-report.md,unknown (not found),unknown (not found),live,n/a,n/a,2026-09-16
eval_unified_margin_audit_significance,scripts/unified-margin-audit-significance.mjs,evaluation,spread,scripts/unified-margin-audit-significance.mjs,scripts/unified-margin-audit-significance.mjs:1 (module docstring; no exported functions — CLI script),"week-clustered significance for a unified-margin audit run's predictions.json, via the existing pairedBootstrapDiff",reads a run directory's predictions.json (from research/betting/nfl/unified_margin_audit.py),n/a,backtest-significance.js pairedBootstrapDiff,none (statistical harness),backtest-significance.js pairedBootstrapDiff,unknown (not found),unmeasured,"deliberately reuses the ONE tested block bootstrap in the codebase rather than reimplementing significance in Python, per its own header comment",unknown (not found),live,n/a,unknown (not found),2026-09-16
eval_ensemble_rank_report,scripts/ensemble-rank-report.mjs effective-rank measurement,evaluation,spread,scripts/ensemble-rank-report.mjs,"scripts/ensemble-rank-report.mjs:1 (module docstring; CLI script, no exported functions)",measures how many independent signals the NFL ensemble actually carries (correlation structure of walk-forward component predictions) -> nfl_ensemble_rank_reports,"nfl_ensemble_fit_artifacts,nfl_ensemble_rank_reports",n/a,ensemble components,"none (measurement only, writes no forecast per its own header)",self,unknown (not found),"effective rank 2.56 cited in LATEST-PLAN as the reason components are heavily correlated (""Effective rank result — the §5 gate"" section) and why Holm/BH are conservative there",unknown (not found),unknown (not found),live,n/a,n/a,2026-09-16
eval_unified_margin_audit_py,research/betting/nfl/unified_margin_audit.py,evaluation,spread,research/betting/nfl/unified_margin_audit.py,research/betting/nfl/unified_margin_audit.py:115 (protocol),Python walk-forward protocol producing predictions.json for the unified margin model family (python_football/python_unified),unknown (not found) — Python-side data loading not read this session,n/a,n/a,gbm,self (feeds unified-margin-audit-significance.mjs),unknown (not found),unmeasured,"deliberately computes no interval of its own (per unified-margin-audit-significance.mjs's header comment, which reuses the JS bootstrap instead)",unknown (not found),live,n/a,"yes — stage3 states market_spread NEVER enters, per LATEST-PLAN opener-CLV forecaster inventory table",2026-09-16
exec_nfl_auto_picks,nfl-auto-picks.js live pick generator,execution_policy,spread,server/services/nfl-auto-picks.js,"server/services/nfl-auto-picks.js:83 (autoPickDecisionBoard), :29 (ensurePicksFor), :125 (buildCandidate — per LATEST-PLAN citation)",the served NFL spread pick -> INSERT INTO nfl_auto_picks,"nfl_pick_decisions,nfl_team_week_features,nfl_injuries,nfl_snaps,nfl_pfr_adv,nfl_depth,nfl_nfelo_games,nfl_nfelo_lines,nfl_nfelo_qb,nfl_ensemble_fit_artifacts","shinNoVig,calibratedCoverProbability,promotedFindingVeto","nfl-ensemble.js ensembleLine (35 models, 14 live per LATEST-PLAN)",heuristic,nfl-replay.js / nfl-blind-audit.js,unknown (not found),"served spread forecast has been the market line verbatim at every cutoff ever shipped — 0 of 848 fit artifacts ever passed the residual gate; a joint fit also fails (rmse_gain -0.008, dm_p 0.9415, n=749 out-of-fold) — LATEST-PLAN Section B","blendMode 'market_residual' returns the closing market verbatim whenever the joint gate fails, which it always has to date; the live path is built on inputs (nfl_snaps/nfl_pfr_adv/nfl_team_week_features) that carry no receipt clock (FINAL ORDER #3)",unknown (not found),live,no (three of the five raw input tables carry no receipt clock; nfl_injuries clock is dead for 2025-26),yes (market_residual blend mode reads the closing line),2026-09-16
exec_nfl_execution_pipeline,nfl-execution-pipeline.js execution runner,execution_policy,spread,server/services/nfl-execution-pipeline.js,server/services/nfl-execution-pipeline.js:108 (runExecutionPipeline),runs EXECUTION_PIPELINE_VERSION 'nfl-execution-pipeline-v2' end to end: decision -> execution opportunity -> ledger,"nfl_pick_decisions,nfl_execution_opportunities,nfl_execution_log,nfl_execution_lifecycle_events,nfl_t60_observations",n/a,nfl-auto-picks.js,rule,unknown (not found),unknown (not found),unmeasured,unknown (not found),unknown (not found),live,n/a,yes,2026-09-16
exec_teaser_season,teaser-season.js Wong teaser strategy,execution_policy,spread,server/betting/nfl/strategy/teaser-season.js,"server/betting/nfl/strategy/teaser-season.js:68 (TEASER_SEASON_VERSION 'nfl-teaser-season-v1'), :104 (DEFAULT_WONG_SETTINGS)","Wong-teaser season strategy execution -> nfl_teaser_executions, nfl_teaser_execution_legs, nfl_teaser_price_ledger","nfl_quote_tape,nfl_line_snapshots,nfl_teaser_price_ledger",n/a,n/a,rule,unknown (not found),unknown (not found),unmeasured,unknown (not found),unknown (not found),live,n/a,yes,2026-09-16
exec_staking,staking.js Kelly staking primitives,execution_policy,spread,server/services/staking.js,"server/services/staking.js:99 (kellyFraction), :116 (stakeFor)","fractional-Kelly stake sizing (default multiplier 0.25, maxUnitFraction 0.05)",caller-supplied winProb/americanOdds,n/a,n/a,heuristic (fractional Kelly),unknown (not found),unknown (not found),unmeasured,unknown (not found),unknown (not found),live,n/a,n/a,2026-09-16
exec_nfl_execution_staking_policy,nfl-execution-staking-policy.js calibration-gated staking,execution_policy,spread,server/services/nfl-execution-staking-policy.js,"server/services/nfl-execution-staking-policy.js:51 (isCalibrated), :63 (shrinkProbability)",shrinks model probability toward the market fair probability based on settled-sample calibration; FIXED_PAPER_STAKE_UNITS 0.5 until calibrated,"nfl_bet_log,nfl_clv_grades (calibration scorecard)",CALIBRATION_PRIOR_STRENGTH=200,staking.js kellyFraction,bayes_eb (shrinkage),unknown (not found),unknown (not found),unmeasured,unknown (not found),unknown (not found),live,n/a,yes,2026-09-16
exec_teaser_staking,teaser-staking.js teaser Kelly staking,execution_policy,spread,server/betting/nfl/strategy/teaser-staking.js,"server/betting/nfl/strategy/teaser-staking.js:247 (TEASER_STAKING_VERSION 'nfl-teaser-staking-v1'), :263 (DEFAULT_KELLY_FRACTION=0.25)","teaser-specific fractional-Kelly stake sizing (DEFAULT_KELLY_FRACTION 0.25, DEFAULT_CONFIDENCE 0.25)",nfl_teaser_price_ledger,n/a,staking.js,heuristic (fractional Kelly),unknown (not found),unknown (not found),unmeasured,unknown (not found),unknown (not found),live,n/a,yes,2026-09-16
