id,name,kind,domain,file,entry_point,predicts,inputs_tables,inputs_features,upstream_models,technique,evaluation_harness,tests,measured_results,known_failures,improvement_options,status,point_in_time_safe,reads_closing_market,last_verified
availability,Injury availability,component,spread,server/services/nfl-ensemble.js,server/services/nfl-ensemble.js:674,"margin (home-away unavailable playing-time share, calibrated)",in-memory context object `c` built by ensembleLine() from game_lines/nfl_team_week_features/etc; see inputs_features,"official injury report; c.avail map; optional c.cal.availability {b0,b1} calibration",none directly; consumed by nfl-ensemble.js ensembleLine()/jointComponentWeights/jointResidualFit,ols,fitEnsemble() residual gate + nfl-replay.js walk-forward (server/services/nfl-ensemble.js:~1900),unknown (not found),"unmeasured (component-level p-value not isolated in evidence; family-level: 0/848 fit artifacts ever passed the residual gate, docs/betting-model/plans/LATEST-PLAN.md — Section B (Models — are they sharp?))",none found,unknown (not found),challenger,"partial — context c is built per (season,week) from prior data by ensembleLine's own cutoff handling; not independently verified per component",no,2026-09-16
roster_strength,Roster strength and depth,component,spread,server/services/nfl-ensemble.js,server/services/nfl-ensemble.js:699,margin (home-away roster_score * 0.32 + hfa),in-memory context object `c` built by ensembleLine() from game_lines/nfl_team_week_features/etc; see inputs_features,"c.roster map (depth-chart rating from prior snaps, player efficiency, rookies, optional PFF grades)",none directly; consumed by nfl-ensemble.js ensembleLine()/jointComponentWeights/jointResidualFit,rule,fitEnsemble() residual gate + nfl-replay.js walk-forward (server/services/nfl-ensemble.js:~1900),unknown (not found),"unmeasured (component-level p-value not isolated in evidence; family-level: 0/848 fit artifacts ever passed the residual gate, docs/betting-model/plans/LATEST-PLAN.md — Section B (Models — are they sharp?))",none found,unknown (not found),challenger,"partial — context c is built per (season,week) from prior data by ensembleLine's own cutoff handling; not independently verified per component",no,2026-09-16
massey,Massey least squares,component,spread,server/services/nfl-ensemble.js,server/services/nfl-ensemble.js:711,margin (home-away Massey rating + hfa),in-memory context object `c` built by ensembleLine() from game_lines/nfl_team_week_features/etc; see inputs_features,c.massey map (least-squares ratings solved elsewhere in file),none directly; consumed by nfl-ensemble.js ensembleLine()/jointComponentWeights/jointResidualFit,ols,fitEnsemble() residual gate + nfl-replay.js walk-forward (server/services/nfl-ensemble.js:~1900),unknown (not found),"unmeasured (component-level p-value not isolated in evidence; family-level: 0/848 fit artifacts ever passed the residual gate, docs/betting-model/plans/LATEST-PLAN.md — Section B (Models — are they sharp?))",none found,unknown (not found),challenger,"partial — context c is built per (season,week) from prior data by ensembleLine's own cutoff handling; not independently verified per component",no,2026-09-16
teamrankings_predictive,TeamRankings predictive rating,component,spread,server/services/nfl-ensemble.js,server/services/nfl-ensemble.js:720,margin (home-away TeamRankings rating diff + hfa),in-memory context object `c` built by ensembleLine() from game_lines/nfl_team_week_features/etc; see inputs_features,"teamrankingsRatingDiff(season,week,home) via nfl-teamrankings-lookup.js JSON export",none directly; consumed by nfl-ensemble.js ensembleLine()/jointComponentWeights/jointResidualFit,lookup,fitEnsemble() residual gate + nfl-replay.js walk-forward (server/services/nfl-ensemble.js:~1900),unknown (not found),"unmeasured (component-level p-value not isolated in evidence; family-level: 0/848 fit artifacts ever passed the residual gate, docs/betting-model/plans/LATEST-PLAN.md — Section B (Models — are they sharp?))",none found,unknown (not found),challenger,"partial — context c is built per (season,week) from prior data by ensembleLine's own cutoff handling; not independently verified per component",no,2026-09-16
nfelo_rating,nfelo pregame rating (nfelo.app),component,spread,server/services/nfl-ensemble.js,server/services/nfl-ensemble.js:734,"margin ((nfelo_diff + hfa_mod)/25, no additional c.hfa add — avoids double-counting)",in-memory context object `c` built by ensembleLine() from game_lines/nfl_team_week_features/etc; see inputs_features,"c.nfelo.nfelo_diff, c.nfelo.hfa_mod via nfelo.js sync",none directly; consumed by nfl-ensemble.js ensembleLine()/jointComponentWeights/jointResidualFit,lookup,fitEnsemble() residual gate + nfl-replay.js walk-forward (server/services/nfl-ensemble.js:~1900),unknown (not found),"unmeasured (component-level p-value not isolated in evidence; family-level: 0/848 fit artifacts ever passed the residual gate, docs/betting-model/plans/LATEST-PLAN.md — Section B (Models — are they sharp?))",none found,unknown (not found),challenger,"partial — context c is built per (season,week) from prior data by ensembleLine's own cutoff handling; not independently verified per component",no,2026-09-16
nfelo_qb_adjustment,nfelo 538-schema QB value adjustment,component,spread,server/services/nfl-ensemble.js,server/services/nfl-ensemble.js:750,margin (qb_adj_diff/25),in-memory context object `c` built by ensembleLine() from game_lines/nfl_team_week_features/etc; see inputs_features,c.nfelo.qb_adj_diff via nfelo.js,none directly; consumed by nfl-ensemble.js ensembleLine()/jointComponentWeights/jointResidualFit,lookup,fitEnsemble() residual gate + nfl-replay.js walk-forward (server/services/nfl-ensemble.js:~1900),unknown (not found),"unmeasured (component-level p-value not isolated in evidence; family-level: 0/848 fit artifacts ever passed the residual gate, docs/betting-model/plans/LATEST-PLAN.md — Section B (Models — are they sharp?))",none found,unknown (not found),challenger,"partial — context c is built per (season,week) from prior data by ensembleLine's own cutoff handling; not independently verified per component",no,2026-09-16
colley,Colley (wins only),component,spread,server/services/nfl-ensemble.js,server/services/nfl-ensemble.js:765,margin ((home-away Colley rating)*55 + hfa),in-memory context object `c` built by ensembleLine() from game_lines/nfl_team_week_features/etc; see inputs_features,c.colley map (wins-only rating solved elsewhere in file),none directly; consumed by nfl-ensemble.js ensembleLine()/jointComponentWeights/jointResidualFit,rule,fitEnsemble() residual gate + nfl-replay.js walk-forward (server/services/nfl-ensemble.js:~1900),unknown (not found),"unmeasured (component-level p-value not isolated in evidence; family-level: 0/848 fit artifacts ever passed the residual gate, docs/betting-model/plans/LATEST-PLAN.md — Section B (Models — are they sharp?))",none found,unknown (not found),live,"partial — context c is built per (season,week) from prior data by ensembleLine's own cutoff handling; not independently verified per component",no,2026-09-16
pythagorean,Pythagenport expectation,component,spread,server/services/nfl-ensemble.js,server/services/nfl-ensemble.js:770,"margin ((home-away Pythagenport win expectation, exponent 2.37)*50 + hfa)",in-memory context object `c` built by ensembleLine() from game_lines/nfl_team_week_features/etc; see inputs_features,c.agg team pf/pa aggregates,none directly; consumed by nfl-ensemble.js ensembleLine()/jointComponentWeights/jointResidualFit,rule,fitEnsemble() residual gate + nfl-replay.js walk-forward (server/services/nfl-ensemble.js:~1900),unknown (not found),"raw p=0.3827 (one-at-a-time residual diagnostic), Holm-corrected to 1.0, family_size=32 pass_count=0 (docs/evidence/2026-09-16/residual-gate-holm-correction.txt)",R²=0.998 vs point_diff (r=0.982) in market_residual space; retired from live blend 2026-09-16 (docs/betting-model/plans/LATEST-PLAN.md — Effective rank result),unknown (not found),challenger,"partial — context c is built per (season,week) from prior data by ensembleLine's own cutoff handling; not independently verified per component",no,2026-09-16
point_diff,Raw point differential,component,spread,server/services/nfl-ensemble.js,server/services/nfl-ensemble.js:787,margin (home-away avg margin/game + hfa),in-memory context object `c` built by ensembleLine() from game_lines/nfl_team_week_features/etc; see inputs_features,c.agg team pf/pa aggregates,none directly; consumed by nfl-ensemble.js ensembleLine()/jointComponentWeights/jointResidualFit,rule,fitEnsemble() residual gate + nfl-replay.js walk-forward (server/services/nfl-ensemble.js:~1900),unknown (not found),"unmeasured (component-level p-value not isolated in evidence; family-level: 0/848 fit artifacts ever passed the residual gate, docs/betting-model/plans/LATEST-PLAN.md — Section B (Models — are they sharp?))",R²=0.999 vs turnover_regressed (r=0.997); retired from live blend 2026-09-16 (docs/betting-model/plans/LATEST-PLAN.md — Effective rank result),unknown (not found),challenger,"partial — context c is built per (season,week) from prior data by ensembleLine's own cutoff handling; not independently verified per component",no,2026-09-16
melo,Margin-dependent Elo,component,spread,server/services/nfl-ensemble.js,server/services/nfl-ensemble.js:799,margin ((home-away melo rating)/25 + hfa),in-memory context object `c` built by ensembleLine() from game_lines/nfl_team_week_features/etc; see inputs_features,c.melo map (margin-weighted Elo solved elsewhere in file),none directly; consumed by nfl-ensemble.js ensembleLine()/jointComponentWeights/jointResidualFit,elo,fitEnsemble() residual gate + nfl-replay.js walk-forward (server/services/nfl-ensemble.js:~1900),unknown (not found),"raw p=0.4438 (one-at-a-time residual diagnostic), Holm-corrected to 1.0, family_size=32 pass_count=0 (docs/evidence/2026-09-16/residual-gate-holm-correction.txt)",none found,unknown (not found),live,"partial — context c is built per (season,week) from prior data by ensembleLine's own cutoff handling; not independently verified per component",no,2026-09-16
dynamic_state,Dynamic offense / defense state,component,spread,server/services/nfl-ensemble.js,server/services/nfl-ensemble.js:804,margin AND total (home/away offense+defense_allowed latent state + hfa split),in-memory context object `c` built by ensembleLine() from game_lines/nfl_team_week_features/etc; see inputs_features,"c.dynamic.state map, c.dynamic.league_points",none directly; consumed by nfl-ensemble.js ensembleLine()/jointComponentWeights/jointResidualFit,heuristic,fitEnsemble() residual gate + nfl-replay.js walk-forward (server/services/nfl-ensemble.js:~1900),unknown (not found),"raw p=0.4365 (one-at-a-time residual diagnostic), Holm-corrected to 1.0, family_size=32 pass_count=0 (docs/evidence/2026-09-16/residual-gate-holm-correction.txt)",none found,unknown (not found),live,"partial — context c is built per (season,week) from prior data by ensembleLine's own cutoff handling; not independently verified per component",no,2026-09-16
epa_net,Net EPA per play,component,spread,server/services/nfl-ensemble.js,server/services/nfl-ensemble.js:817,"margin (diffModel on net_epa feature, scale 65)",in-memory context object `c` built by ensembleLine() from game_lines/nfl_team_week_features/etc; see inputs_features,c.feat team-week features .net_epa,none directly; consumed by nfl-ensemble.js ensembleLine()/jointComponentWeights/jointResidualFit,rule,fitEnsemble() residual gate + nfl-replay.js walk-forward (server/services/nfl-ensemble.js:~1900),unknown (not found),"unmeasured (component-level p-value not isolated in evidence; family-level: 0/848 fit artifacts ever passed the residual gate, docs/betting-model/plans/LATEST-PLAN.md — Section B (Models — are they sharp?))",R²=0.990 vs pass_eff_matchup (r=0.908); retired from live blend 2026-09-16 (docs/betting-model/plans/LATEST-PLAN.md — Effective rank result),unknown (not found),challenger,"partial — context c is built per (season,week) from prior data by ensembleLine's own cutoff handling; not independently verified per component",no,2026-09-16
epa_neutral,"EPA, garbage time removed",component,spread,server/services/nfl-ensemble.js,server/services/nfl-ensemble.js:826,"margin (diffModel on off_epa_nwp - def_epa_nwp, scale 65)",in-memory context object `c` built by ensembleLine() from game_lines/nfl_team_week_features/etc; see inputs_features,c.feat .off_epa_nwp/.def_epa_nwp (non-garbage-time EPA),none directly; consumed by nfl-ensemble.js ensembleLine()/jointComponentWeights/jointResidualFit,rule,fitEnsemble() residual gate + nfl-replay.js walk-forward (server/services/nfl-ensemble.js:~1900),unknown (not found),"unmeasured (component-level p-value not isolated in evidence; family-level: 0/848 fit artifacts ever passed the residual gate, docs/betting-model/plans/LATEST-PLAN.md — Section B (Models — are they sharp?))",none found,unknown (not found),live,"partial — context c is built per (season,week) from prior data by ensembleLine's own cutoff handling; not independently verified per component",no,2026-09-16
early_down_eff,Early-down efficiency,component,spread,server/services/nfl-ensemble.js,server/services/nfl-ensemble.js:834,"margin (diffModel on off_early_epa/def_early_epa net, scale 60)",in-memory context object `c` built by ensembleLine() from game_lines/nfl_team_week_features/etc; see inputs_features,c.feat .off_early_epa/.def_early_epa,none directly; consumed by nfl-ensemble.js ensembleLine()/jointComponentWeights/jointResidualFit,rule,fitEnsemble() residual gate + nfl-replay.js walk-forward (server/services/nfl-ensemble.js:~1900),unknown (not found),"unmeasured (component-level p-value not isolated in evidence; family-level: 0/848 fit artifacts ever passed the residual gate, docs/betting-model/plans/LATEST-PLAN.md — Section B (Models — are they sharp?))",none found,unknown (not found),challenger,"partial — context c is built per (season,week) from prior data by ensembleLine's own cutoff handling; not independently verified per component",no,2026-09-16
pass_eff_matchup,Passing efficiency mismatch,component,spread,server/services/nfl-ensemble.js,server/services/nfl-ensemble.js:839,"margin (diffModel on off_pass_epa/def_pass_epa net, scale 60)",in-memory context object `c` built by ensembleLine() from game_lines/nfl_team_week_features/etc; see inputs_features,c.feat .off_pass_epa/.def_pass_epa,none directly; consumed by nfl-ensemble.js ensembleLine()/jointComponentWeights/jointResidualFit,rule,fitEnsemble() residual gate + nfl-replay.js walk-forward (server/services/nfl-ensemble.js:~1900),unknown (not found),"unmeasured (component-level p-value not isolated in evidence; family-level: 0/848 fit artifacts ever passed the residual gate, docs/betting-model/plans/LATEST-PLAN.md — Section B (Models — are they sharp?))",R²=0.975 vs epa_net (r=0.908); retired from live blend 2026-09-16 (docs/betting-model/plans/LATEST-PLAN.md — Effective rank result),unknown (not found),challenger,"partial — context c is built per (season,week) from prior data by ensembleLine's own cutoff handling; not independently verified per component",no,2026-09-16
rush_eff_matchup,Rushing efficiency mismatch,component,spread,server/services/nfl-ensemble.js,server/services/nfl-ensemble.js:844,"margin (diffModel on off_rush_epa/def_rush_epa net, scale 55)",in-memory context object `c` built by ensembleLine() from game_lines/nfl_team_week_features/etc; see inputs_features,c.feat .off_rush_epa/.def_rush_epa,none directly; consumed by nfl-ensemble.js ensembleLine()/jointComponentWeights/jointResidualFit,rule,fitEnsemble() residual gate + nfl-replay.js walk-forward (server/services/nfl-ensemble.js:~1900),unknown (not found),"unmeasured (component-level p-value not isolated in evidence; family-level: 0/848 fit artifacts ever passed the residual gate, docs/betting-model/plans/LATEST-PLAN.md — Section B (Models — are they sharp?))",R²=0.977 vs field_position (r=0.913); retired from live blend 2026-09-16 (docs/betting-model/plans/LATEST-PLAN.md — Effective rank result),unknown (not found),challenger,"partial — context c is built per (season,week) from prior data by ensembleLine's own cutoff handling; not independently verified per component",no,2026-09-16
explosive_pass,Explosive-pass asymmetry,component,spread,server/services/nfl-ensemble.js,server/services/nfl-ensemble.js:849,"margin (diffModel on off_expl_pass/def_expl_pass net, scale 160)",in-memory context object `c` built by ensembleLine() from game_lines/nfl_team_week_features/etc; see inputs_features,c.feat .off_expl_pass/.def_expl_pass,none directly; consumed by nfl-ensemble.js ensembleLine()/jointComponentWeights/jointResidualFit,rule,fitEnsemble() residual gate + nfl-replay.js walk-forward (server/services/nfl-ensemble.js:~1900),unknown (not found),"unmeasured (component-level p-value not isolated in evidence; family-level: 0/848 fit artifacts ever passed the residual gate, docs/betting-model/plans/LATEST-PLAN.md — Section B (Models — are they sharp?))",none found,unknown (not found),challenger,"partial — context c is built per (season,week) from prior data by ensembleLine's own cutoff handling; not independently verified per component",no,2026-09-16
pressure_response,Pressure response mismatch,component,spread,server/services/nfl-ensemble.js,server/services/nfl-ensemble.js:854,"margin (diffModel on off_pressure_epa/def_pressure_epa net, scale 45)",in-memory context object `c` built by ensembleLine() from game_lines/nfl_team_week_features/etc; see inputs_features,c.feat .off_pressure_epa/.def_pressure_epa,none directly; consumed by nfl-ensemble.js ensembleLine()/jointComponentWeights/jointResidualFit,rule,fitEnsemble() residual gate + nfl-replay.js walk-forward (server/services/nfl-ensemble.js:~1900),unknown (not found),"unmeasured (component-level p-value not isolated in evidence; family-level: 0/848 fit artifacts ever passed the residual gate, docs/betting-model/plans/LATEST-PLAN.md — Section B (Models — are they sharp?))",none found,unknown (not found),challenger,"partial — context c is built per (season,week) from prior data by ensembleLine's own cutoff handling; not independently verified per component",no,2026-09-16
series_sustain,Series sustain rate,component,spread,server/services/nfl-ensemble.js,server/services/nfl-ensemble.js:859,"margin (diffModel on off_series_sr/def_series_sr net, scale 100)",in-memory context object `c` built by ensembleLine() from game_lines/nfl_team_week_features/etc; see inputs_features,c.feat .off_series_sr/.def_series_sr,none directly; consumed by nfl-ensemble.js ensembleLine()/jointComponentWeights/jointResidualFit,rule,fitEnsemble() residual gate + nfl-replay.js walk-forward (server/services/nfl-ensemble.js:~1900),unknown (not found),"unmeasured (component-level p-value not isolated in evidence; family-level: 0/848 fit artifacts ever passed the residual gate, docs/betting-model/plans/LATEST-PLAN.md — Section B (Models — are they sharp?))",none found,unknown (not found),challenger,"partial — context c is built per (season,week) from prior data by ensembleLine's own cutoff handling; not independently verified per component",no,2026-09-16
field_position,Starting field-position edge,component,spread,server/services/nfl-ensemble.js,server/services/nfl-ensemble.js:864,"margin (diffModel on off_drive_start/def_drive_start net, scale 0.7)",in-memory context object `c` built by ensembleLine() from game_lines/nfl_team_week_features/etc; see inputs_features,c.feat .off_drive_start/.def_drive_start,none directly; consumed by nfl-ensemble.js ensembleLine()/jointComponentWeights/jointResidualFit,rule,fitEnsemble() residual gate + nfl-replay.js walk-forward (server/services/nfl-ensemble.js:~1900),unknown (not found),"unmeasured (component-level p-value not isolated in evidence; family-level: 0/848 fit artifacts ever passed the residual gate, docs/betting-model/plans/LATEST-PLAN.md — Section B (Models — are they sharp?))",R²=0.998 vs availability (r=0.999); retired from live blend 2026-09-16 (docs/betting-model/plans/LATEST-PLAN.md — Effective rank result),unknown (not found),challenger,"partial — context c is built per (season,week) from prior data by ensembleLine's own cutoff handling; not independently verified per component",no,2026-09-16
second_half_eff,Second-half efficiency,component,spread,server/services/nfl-ensemble.js,server/services/nfl-ensemble.js:869,"margin (diffModel on off_second_half_epa/def_second_half_epa net, scale 55)",in-memory context object `c` built by ensembleLine() from game_lines/nfl_team_week_features/etc; see inputs_features,c.feat .off_second_half_epa/.def_second_half_epa,none directly; consumed by nfl-ensemble.js ensembleLine()/jointComponentWeights/jointResidualFit,rule,fitEnsemble() residual gate + nfl-replay.js walk-forward (server/services/nfl-ensemble.js:~1900),unknown (not found),"unmeasured (component-level p-value not isolated in evidence; family-level: 0/848 fit artifacts ever passed the residual gate, docs/betting-model/plans/LATEST-PLAN.md — Section B (Models — are they sharp?))",none found,unknown (not found),challenger,"partial — context c is built per (season,week) from prior data by ensembleLine's own cutoff handling; not independently verified per component",no,2026-09-16
success_rate,Success rate differential,component,spread,server/services/nfl-ensemble.js,server/services/nfl-ensemble.js:874,"margin (diffModel on off_sr/def_sr net, scale 120)",in-memory context object `c` built by ensembleLine() from game_lines/nfl_team_week_features/etc; see inputs_features,c.feat .off_sr/.def_sr,none directly; consumed by nfl-ensemble.js ensembleLine()/jointComponentWeights/jointResidualFit,rule,fitEnsemble() residual gate + nfl-replay.js walk-forward (server/services/nfl-ensemble.js:~1900),unknown (not found),"unmeasured (component-level p-value not isolated in evidence; family-level: 0/848 fit artifacts ever passed the residual gate, docs/betting-model/plans/LATEST-PLAN.md — Section B (Models — are they sharp?))",none found,unknown (not found),live,"partial — context c is built per (season,week) from prior data by ensembleLine's own cutoff handling; not independently verified per component",no,2026-09-16
explosive,Explosive play differential,component,spread,server/services/nfl-ensemble.js,server/services/nfl-ensemble.js:879,"margin (diffModel on off_expl/def_expl net, scale 200)",in-memory context object `c` built by ensembleLine() from game_lines/nfl_team_week_features/etc; see inputs_features,c.feat .off_expl/.def_expl,none directly; consumed by nfl-ensemble.js ensembleLine()/jointComponentWeights/jointResidualFit,rule,fitEnsemble() residual gate + nfl-replay.js walk-forward (server/services/nfl-ensemble.js:~1900),unknown (not found),"unmeasured (component-level p-value not isolated in evidence; family-level: 0/848 fit artifacts ever passed the residual gate, docs/betting-model/plans/LATEST-PLAN.md — Section B (Models — are they sharp?))",none found,unknown (not found),live,"partial — context c is built per (season,week) from prior data by ensembleLine's own cutoff handling; not independently verified per component",no,2026-09-16
drive_eff,Drive scoring differential,component,spread,server/services/nfl-ensemble.js,server/services/nfl-ensemble.js:884,"margin (diffModel on off_dsr/def_dsr net, scale 60)",in-memory context object `c` built by ensembleLine() from game_lines/nfl_team_week_features/etc; see inputs_features,c.feat .off_dsr/.def_dsr,none directly; consumed by nfl-ensemble.js ensembleLine()/jointComponentWeights/jointResidualFit,rule,fitEnsemble() residual gate + nfl-replay.js walk-forward (server/services/nfl-ensemble.js:~1900),unknown (not found),"unmeasured (component-level p-value not isolated in evidence; family-level: 0/848 fit artifacts ever passed the residual gate, docs/betting-model/plans/LATEST-PLAN.md — Section B (Models — are they sharp?))",none found,unknown (not found),live,"partial — context c is built per (season,week) from prior data by ensembleLine's own cutoff handling; not independently verified per component",no,2026-09-16
situational,Third down and red zone,component,spread,server/services/nfl-ensemble.js,server/services/nfl-ensemble.js:889,"margin (diffModel on 3rd-down + red-zone net, scale 40)",in-memory context object `c` built by ensembleLine() from game_lines/nfl_team_week_features/etc; see inputs_features,c.feat .off_3rd/.def_3rd/.off_rz/.def_rz,none directly; consumed by nfl-ensemble.js ensembleLine()/jointComponentWeights/jointResidualFit,rule,fitEnsemble() residual gate + nfl-replay.js walk-forward (server/services/nfl-ensemble.js:~1900),unknown (not found),"unmeasured (component-level p-value not isolated in evidence; family-level: 0/848 fit artifacts ever passed the residual gate, docs/betting-model/plans/LATEST-PLAN.md — Section B (Models — are they sharp?))",none found,unknown (not found),live,"partial — context c is built per (season,week) from prior data by ensembleLine's own cutoff handling; not independently verified per component",no,2026-09-16
trenches,Line of scrimmage,component,spread,server/services/nfl-ensemble.js,server/services/nfl-ensemble.js:895,"margin (diffModel on sack/havoc net, scale 70)",in-memory context object `c` built by ensembleLine() from game_lines/nfl_team_week_features/etc; see inputs_features,c.feat .off_sack/.def_sack/.def_havoc,none directly; consumed by nfl-ensemble.js ensembleLine()/jointComponentWeights/jointResidualFit,rule,fitEnsemble() residual gate + nfl-replay.js walk-forward (server/services/nfl-ensemble.js:~1900),unknown (not found),"unmeasured (component-level p-value not isolated in evidence; family-level: 0/848 fit artifacts ever passed the residual gate, docs/betting-model/plans/LATEST-PLAN.md — Section B (Models — are they sharp?))",none found,unknown (not found),live,"partial — context c is built per (season,week) from prior data by ensembleLine's own cutoff handling; not independently verified per component",no,2026-09-16
turnover_regressed,Turnover-regressed margin,component,spread,server/services/nfl-ensemble.js,server/services/nfl-ensemble.js:901,margin (avg margin/game minus 0.6x turnover-edge fade),in-memory context object `c` built by ensembleLine() from game_lines/nfl_team_week_features/etc; see inputs_features,c.agg pf/pa; c.feat .off_to/.def_to,none directly; consumed by nfl-ensemble.js ensembleLine()/jointComponentWeights/jointResidualFit,rule,fitEnsemble() residual gate + nfl-replay.js walk-forward (server/services/nfl-ensemble.js:~1900),unknown (not found),"unmeasured (component-level p-value not isolated in evidence; family-level: 0/848 fit artifacts ever passed the residual gate, docs/betting-model/plans/LATEST-PLAN.md — Section B (Models — are they sharp?))",R²=0.997 vs point_diff (r=0.997); retired from live blend 2026-09-16 (docs/betting-model/plans/LATEST-PLAN.md — Effective rank result),unknown (not found),challenger,"partial — context c is built per (season,week) from prior data by ensembleLine's own cutoff handling; not independently verified per component",no,2026-09-16
opp_adjusted,Opponent-adjusted EPA,component,spread,server/services/nfl-ensemble.js,server/services/nfl-ensemble.js:919,margin (first-pass strength-of-schedule adjusted net EPA * 65 + hfa),in-memory context object `c` built by ensembleLine() from game_lines/nfl_team_week_features/etc; see inputs_features,c.feat off_epa/def_epa; c.schedule (games strictly earlier than decision),none directly; consumed by nfl-ensemble.js ensembleLine()/jointComponentWeights/jointResidualFit,heuristic,fitEnsemble() residual gate + nfl-replay.js walk-forward (server/services/nfl-ensemble.js:~1900),unknown (not found),"raw p=0.4189 (one-at-a-time residual diagnostic), Holm-corrected to 1.0, family_size=32 pass_count=0 (docs/evidence/2026-09-16/residual-gate-holm-correction.txt)","R²=0.958 vs melo (r=0.655); retired from live blend 2026-09-16 (docs/betting-model/plans/LATEST-PLAN.md — Effective rank result). Also: CORRECTED 2026-09-10 (Codex finding M13) — prior version algebraically canceled to plain epa_net despite its name; now does a real first-pass SOS adjustment, not yet walk-forward validated as an improvement over epa_net (nfl-ensemble.js:919-965 comment).",unknown (not found),challenger,"partial — context c is built per (season,week) from prior data by ensembleLine's own cutoff handling; not independently verified per component",no,2026-09-16
recent_form,Recent form (last 3),component,spread,server/services/nfl-ensemble.js,server/services/nfl-ensemble.js:966,margin (home-away avg of last 3 games),in-memory context object `c` built by ensembleLine() from game_lines/nfl_team_week_features/etc; see inputs_features,c.recent map (per-team recent margin history),none directly; consumed by nfl-ensemble.js ensembleLine()/jointComponentWeights/jointResidualFit,rule,fitEnsemble() residual gate + nfl-replay.js walk-forward (server/services/nfl-ensemble.js:~1900),unknown (not found),"unmeasured (component-level p-value not isolated in evidence; family-level: 0/848 fit artifacts ever passed the residual gate, docs/betting-model/plans/LATEST-PLAN.md — Section B (Models — are they sharp?))",none found,unknown (not found),live,"partial — context c is built per (season,week) from prior data by ensembleLine's own cutoff handling; not independently verified per component",no,2026-09-16
rest_travel,Rest and division familiarity,component,spread,server/services/nfl-ensemble.js,server/services/nfl-ensemble.js:977,margin (hfa + fitted rest-day edge + division penalty),in-memory context object `c` built by ensembleLine() from game_lines/nfl_team_week_features/etc; see inputs_features,"c.homeRest/c.awayRest, c.div, optional c.cal.rest {b1}",none directly; consumed by nfl-ensemble.js ensembleLine()/jointComponentWeights/jointResidualFit,ols,fitEnsemble() residual gate + nfl-replay.js walk-forward (server/services/nfl-ensemble.js:~1900),unknown (not found),"unmeasured (component-level p-value not isolated in evidence; family-level: 0/848 fit artifacts ever passed the residual gate, docs/betting-model/plans/LATEST-PLAN.md — Section B (Models — are they sharp?))","R²=0.994 vs availability (r=0.997); retired from live blend 2026-09-16 (docs/betting-model/plans/LATEST-PLAN.md — Effective rank result). RENAMED 2026-09-10 (Codex M13): never measured actual travel distance/timezone, only rest days + division indicator (nfl-ensemble.js:977-983 comment).",unknown (not found),challenger,"partial — context c is built per (season,week) from prior data by ensembleLine's own cutoff handling; not independently verified per component",no,2026-09-16
pace_total,Pace and possessions,component,total,server/services/nfl-ensemble.js,server/services/nfl-ensemble.js:1004,total only (drives * yards-per-drive/30 * 2.05); margin always null,in-memory context object `c` built by ensembleLine() from game_lines/nfl_team_week_features/etc; see inputs_features,c.feat .off_drives/.off_ypd for both teams,none directly; consumed by nfl-ensemble.js ensembleLine()/jointComponentWeights/jointResidualFit,rule,fitEnsemble() residual gate + nfl-replay.js walk-forward (server/services/nfl-ensemble.js:~1900),unknown (not found),"unmeasured (component-level p-value not isolated in evidence; family-level: 0/848 fit artifacts ever passed the residual gate, docs/betting-model/plans/LATEST-PLAN.md — Section B (Models — are they sharp?))",none found,unknown (not found),live,"partial — context c is built per (season,week) from prior data by ensembleLine's own cutoff handling; not independently verified per component",no,2026-09-16
weather_total,Weather-adjusted total,component,total,server/services/nfl-ensemble.js,server/services/nfl-ensemble.js:1016,total only (avg team totals + weatherAdjustment(c)); margin always null,in-memory context object `c` built by ensembleLine() from game_lines/nfl_team_week_features/etc; see inputs_features,c.agg .totals history; weatherAdjustment() wind/cold/roof function,none directly; consumed by nfl-ensemble.js ensembleLine()/jointComponentWeights/jointResidualFit,heuristic,fitEnsemble() residual gate + nfl-replay.js walk-forward (server/services/nfl-ensemble.js:~1900),unknown (not found),"unmeasured (component-level p-value not isolated in evidence; family-level: 0/848 fit artifacts ever passed the residual gate, docs/betting-model/plans/LATEST-PLAN.md — Section B (Models — are they sharp?))",none found,unknown (not found),live,"partial — context c is built per (season,week) from prior data by ensembleLine's own cutoff handling; not independently verified per component",no,2026-09-16
market_anchor,Market anchor,component,spread,server/services/nfl-ensemble.js,server/services/nfl-ensemble.js:1029,"margin AND total (verbatim opening/closing spread and total, sign-flipped for margin)",in-memory context object `c` built by ensembleLine() from game_lines/nfl_team_week_features/etc; see inputs_features,"c.openSpread, c.spread, c.openTotal, c.total",none directly; consumed by nfl-ensemble.js ensembleLine()/jointComponentWeights/jointResidualFit,lookup,fitEnsemble() residual gate + nfl-replay.js walk-forward (server/services/nfl-ensemble.js:~1900),unknown (not found),unmeasured (reference/anchor term; not itself scored for residual skill),none found,unknown (not found),live,"partial — context c is built per (season,week) from prior data by ensembleLine's own cutoff handling; not independently verified per component",yes,2026-09-16
market_regression,Market regression,component,spread,server/services/nfl-ensemble.js,server/services/nfl-ensemble.js:1037,"margin (fitted b0+b1*(-spread)); total (verbatim market total, no adjustment)",in-memory context object `c` built by ensembleLine() from game_lines/nfl_team_week_features/etc; see inputs_features,"c.spread, c.total, optional c.reg {b0,b1}",none directly; consumed by nfl-ensemble.js ensembleLine()/jointComponentWeights/jointResidualFit,ols,fitEnsemble() residual gate + nfl-replay.js walk-forward (server/services/nfl-ensemble.js:~1900),unknown (not found),"raw p=0.5435 (one-at-a-time residual diagnostic), Holm-corrected to 1.0, family_size=32 pass_count=0 (docs/evidence/2026-09-16/residual-gate-holm-correction.txt)",none found,unknown (not found),live,"partial — context c is built per (season,week) from prior data by ensembleLine's own cutoff handling; not independently verified per component",yes,2026-09-16
market_correction_research,Market-correction research head (Python),component,spread,server/services/nfl-ensemble.js,server/services/nfl-ensemble.js:1045,margin (precomputed out-of-fold ridge correction to the closing line),in-memory context object `c` built by ensembleLine() from game_lines/nfl_team_week_features/etc; see inputs_features,"c.marketCorrectionMargin via nfl-market-correction-lookup.js, sourced from research/betting/nfl/market_correction.py",none directly; consumed by nfl-ensemble.js ensembleLine()/jointComponentWeights/jointResidualFit,ridge,fitEnsemble() residual gate + nfl-replay.js walk-forward (server/services/nfl-ensemble.js:~1900),unknown (not found),"MAE 9.913 vs market 9.779 (2021-2026, 1,440 games walk-forward); 16.2% weight in joint margin fit, 0% residual weight (docs/betting-model/plans/LATEST-PLAN.md — Section B (Models — are they sharp?))","Underlying Python head's features are ['football_prediction','market_spread','market_movement'] — contaminated for opener-CLV-style honest tests (docs/betting-model/plans/LATEST-PLAN.md — PREREGISTERED — the opener-CLV measurement).",unknown (not found),challenger,"partial — context c is built per (season,week) from prior data by ensembleLine's own cutoff handling; not independently verified per component",yes,2026-09-16
joint_component_weights,Joint component weights (raw blend),combiner,spread,server/services/nfl-ensemble.js,server/services/nfl-ensemble.js:1744,"convex blend weights (>=0, sum to 1) over eligible components' raw margin/total forecasts","rows of prior fit records (per game/component), UNK exact table","per-component margin/total predictions (key/actualKey), week_key for chronological lambda selection",all 35 MODELS entries in nfl-ensemble.js,ridge,chooseRawBlendLambda() chronological split inside jointComponentWeights itself,unknown (not found),unmeasured (no headline number found specific to this function; distinct from jointResidualFit),none found,unknown (not found),live,yes — lambda chosen via chronological (week_key-ordered) split,n/a,2026-09-16
joint_residual_fit,Joint residual fit (market_residual served path),combiner,spread,server/services/nfl-ensemble.js,server/services/nfl-ensemble.js:1822,"regression coefficients on each component's (margin_i - market_margin) departure, jointly, to predict (actual_margin - market_margin)","rows with margins{}, market_margin, actual_margin, week_key",every eligible component's departure from market_margin,all 35 MODELS entries in nfl-ensemble.js,ridge,internal fit-block/score-block chronological split (completeWeekSplit) + dieboldMariano vs market baseline,unknown (not found),"rmse_gain=-0.008 (worse than market), dm_p=0.9415 (~0.94), n=749 out-of-fold (docs/betting-model/plans/LATEST-PLAN.md — FINAL ORDER (September 16, 2026), item 1)","Gate not cleared — served market_residual line remains marketMargin verbatim (docs/betting-model/plans/LATEST-PLAN.md — FINAL ORDER (September 16, 2026), item 1).",unknown (not found),live,"yes — coefficients fit on earlier block only, scored out-of-fold on later block (completeWeekSplit)",yes (fits against market_margin departure),2026-09-16
rulebook,Football rulebook,expert,spread,server/services/nfl-expert-council.js,server/services/nfl-expert-council.js:538,market_residual (median of simple rating-system margins vs market),game_lines,"median/sd of melo, point_diff, pythagorean, recent_form, rest_travel model margins minus marketMargin",nfl-ensemble.js (ensembleLine),heuristic,"nfl-expert-council.js weekly audit (per-expert score fields, e.g. market_residual/score_distribution/brier_and_calibration)",unknown (not found),unmeasured,"Not gradable on 2021-2025: nfl_expert_forward_predictions has 3,633 rows, all season 2026 — a forward-capture system with no historical record. (docs/betting-model/plans/LATEST-PLAN.md — PREREGISTERED — the opener-CLV measurement)",unknown (not found),live,unknown (not found),yes,2026-09-16
player_builder,Player-built team,expert,spread,server/services/nfl-expert-council.js,server/services/nfl-expert-council.js:540,market_residual (structural roster/depth margin + availability/injury-carryover residual),"nfl_snaps, nfl_depth, players, nfl_external_player_grades, game_lines","roster_score/starter_score/depth_score/fragility diffs, shadow_margin_adjustment, incremental_margin_adjustment","nfl-roster-strength.js, nfl-team-card.js, nfl-player-value.js, nfl-postgame-truth.js",heuristic,"nfl-expert-council.js weekly audit (per-expert score fields, e.g. market_residual/score_distribution/brier_and_calibration)",unknown (not found),unmeasured,One of two experts graded directly (drive sim / lineup model); council as a whole not gradable pre-2026. (docs/betting-model/plans/LATEST-PLAN.md — PREREGISTERED — the opener-CLV measurement),unknown (not found),live,unknown (not found),yes,2026-09-16
game_replay,Game replay simulator,expert,spread,server/services/nfl-drive-sim.js,server/services/nfl-drive-sim.js:796 (simulateMatchup); invoked nfl-expert-council.js:503,score_distribution (joint home/away score -> margin & total),game_lines (spread/total/neutral_site); team play-by-play profiles,"market spread/total, targetMargin/targetTotal, home-field points, blended offense/defense profiles",nfl-drive-sim.js simulateMatchup (the drive-sim engine itself),simulation,"nfl-expert-council.js weekly audit (per-expert score fields, e.g. market_residual/score_distribution/brier_and_calibration)",unknown (not found),unmeasured,Graded directly per PREREGISTERED table (honest vs opener: yes). Still not gradable on 2021-2025 as part of the wider council (forward-capture only). (docs/betting-model/plans/LATEST-PLAN.md — PREREGISTERED — the opener-CLV measurement),unknown (not found),live,unknown (not found),yes,2026-09-16
similar_games,Similar-game finder,expert,spread,server/services/nfl-expert-council.js,server/services/nfl-expert-council.js:95 (analogPrediction),"market_residual (k-NN analog weighting, empirical-Bayes shrunk)","game_lines, nfl_team_week_features, nfl_game_weather",28 EPA/efficiency differentials + spread/total/temp/wind/dome/div/rest,nfl-gbm.js (buildGbmDataset),bayes_eb,"nfl-expert-council.js weekly audit (per-expert score fields, e.g. market_residual/score_distribution/brier_and_calibration)",unknown (not found),unmeasured,"Not gradable on 2021-2025: nfl_expert_forward_predictions has 3,633 rows, all season 2026 — a forward-capture system with no historical record. (docs/betting-model/plans/LATEST-PLAN.md — PREREGISTERED — the opener-CLV measurement)",unknown (not found),live,unknown (not found),yes,2026-09-16
boosted_tree,Boosted decision trees,expert,spread,server/services/nfl-expert-council.js,"server/services/nfl-expert-council.js:79 (treePrediction); fit/predict in nfl-gbm.js:86,114",market_residual (actual margin minus market-implied margin),"game_lines, nfl_team_week_features, nfl_game_weather",same 28 EPA/efficiency differentials + spread/total/temp/wind/dome/div/rest,"nfl-gbm.js (fitGbm, predictGbm, buildGbmDataset)",gbm,"nfl-expert-council.js weekly audit (per-expert score fields, e.g. market_residual/score_distribution/brier_and_calibration)",unknown (not found),unmeasured,"Not gradable on 2021-2025: nfl_expert_forward_predictions has 3,633 rows, all season 2026 — a forward-capture system with no historical record. (docs/betting-model/plans/LATEST-PLAN.md — PREREGISTERED — the opener-CLV measurement)",unknown (not found),live,unknown (not found),yes,2026-09-16
deep_residual,Online neural residual,expert,spread,server/services/nfl-expert-council.js,server/services/nfl-expert-council.js:282 (auditedNeuralFor),"market_residual, walk-forward retrained weekly on immutable prior examples","nfl_weekly_expert_examples, game_lines",spreadFeatureVector output incl. market_margin_scaled,"nfl-online-neural.js (createNetwork, trainBatch, predictNetwork, spreadFeatureVector)",neural,"nfl-expert-council.js weekly audit (per-expert score fields, e.g. market_residual/score_distribution/brier_and_calibration)",unknown (not found),unmeasured,"Not gradable on 2021-2025: nfl_expert_forward_predictions has 3,633 rows, all season 2026 — a forward-capture system with no historical record. (docs/betting-model/plans/LATEST-PLAN.md — PREREGISTERED — the opener-CLV measurement)",unknown (not found),live,unknown (not found),yes,2026-09-16
specialist_team,Specialist team,expert,spread,server/services/nfl-expert-council.js,server/services/nfl-expert-council.js:569,market_residual (primary: orthogonal family ensemble; fallback: legacy family-median council),"frozen team cards, nfl_orthogonal_specialist_artifacts; legacy ensemble model families",per-family ridge vectors from team cards; legacy per-family median(model.margin - marketMargin),"nfl-orthogonal-specialists.js, nfl-team-card.js, nfl-ensemble.js (family council fallback)",ridge,"nfl-expert-council.js weekly audit (per-expert score fields, e.g. market_residual/score_distribution/brier_and_calibration)",unknown (not found),unmeasured,"Not gradable on 2021-2025: nfl_expert_forward_predictions has 3,633 rows, all season 2026 — a forward-capture system with no historical record. (docs/betting-model/plans/LATEST-PLAN.md — PREREGISTERED — the opener-CLV measurement)",unknown (not found),live,unknown (not found),yes,2026-09-16
line_movement,Line-movement reader,expert,spread,server/services/nfl-expert-council.js,server/services/nfl-expert-council.js:208 (movementFor),market_residual from ridge-shrunk open-to-decision spread movement fit,game_lines,"open_spread, spread, home_margin_move, training_rows",none (self-contained inline fit),ridge,"nfl-expert-council.js weekly audit (per-expert score fields, e.g. market_residual/score_distribution/brier_and_calibration)",unknown (not found),unmeasured,"Not gradable on 2021-2025: nfl_expert_forward_predictions has 3,633 rows, all season 2026 — a forward-capture system with no historical record. (docs/betting-model/plans/LATEST-PLAN.md — PREREGISTERED — the opener-CLV measurement)",unknown (not found),live,unknown (not found),yes,2026-09-16
news_reaction,Verified-news reaction,expert,spread,server/services/nfl-expert-council.js,server/services/nfl-expert-council.js:234 (newsFor),market_residual from verified injury/news burden edge,"news_items, nfl_teams, verified event archive tables","unavailable_burden (home/away), feed_stories count, injury_burden","nfl-news-signal.js (teamNewsSignals), nfl-event-archive.js (teamEventVector)",heuristic,"nfl-expert-council.js weekly audit (per-expert score fields, e.g. market_residual/score_distribution/brier_and_calibration)",unknown (not found),unmeasured,"Not gradable on 2021-2025: nfl_expert_forward_predictions has 3,633 rows, all season 2026 — a forward-capture system with no historical record. (docs/betting-model/plans/LATEST-PLAN.md — PREREGISTERED — the opener-CLV measurement)",unknown (not found),live,unknown (not found),no,2026-09-16
live_updater,Live game updater,expert,live,server/services/nfl-expert-council.js,server/services/nfl-expert-council.js:325 (liveLedgerFor),brier_and_calibration — possession-by-possession win-probability reconstruction,"nfl_live_possession_predictions, nfl_live_possession_settlements","possession_index, sequence, home_probability, brier, home_won, classification",none (reads pre-built live ledger),none,"nfl-expert-council.js weekly audit (per-expert score fields, e.g. market_residual/score_distribution/brier_and_calibration)",unknown (not found),unmeasured,"Not gradable on 2021-2025: nfl_expert_forward_predictions has 3,633 rows, all season 2026 — a forward-capture system with no historical record. (docs/betting-model/plans/LATEST-PLAN.md — PREREGISTERED — the opener-CLV measurement)",unknown (not found),live,unknown (not found),no,2026-09-16
price_shopper,Price shopper,expert,market,server/services/nfl-expert-council.js,server/services/nfl-expert-council.js:339 (shoppingFor),price_and_clv — best/worst book line & price advantage at decision time,"nfl_teams, nfl_line_snapshots","captured_at, book, side, line, price, received_at, book_updated_at",book-feeds.js (isFreshQuote),rule,"nfl-expert-council.js weekly audit (per-expert score fields, e.g. market_residual/score_distribution/brier_and_calibration)",unknown (not found),unmeasured,"Not gradable on 2021-2025: nfl_expert_forward_predictions has 3,633 rows, all season 2026 — a forward-capture system with no historical record. (docs/betting-model/plans/LATEST-PLAN.md — PREREGISTERED — the opener-CLV measurement)",unknown (not found),live,unknown (not found),yes,2026-09-16
player_opportunity,Player opportunity engine,expert,props,server/services/nfl-expert-council.js,server/services/nfl-expert-council.js:395 (opportunityFor); settlement server/services/nfl-expert-council.js:428 (settleOpportunity),"volume_mae — player/team attempts, carries, targets forecast",nfl_player_week_features (settlement truth); player-week engine internal tables,"player-level attempts/carries/targets, top-8 role ranking","player-week-engine.js (buildPlayerWeekEngine, teamWeekEventExpectations)",heuristic,"nfl-expert-council.js weekly audit (per-expert score fields, e.g. market_residual/score_distribution/brier_and_calibration)",unknown (not found),unmeasured,"Not gradable on 2021-2025: nfl_expert_forward_predictions has 3,633 rows, all season 2026 — a forward-capture system with no historical record. (docs/betting-model/plans/LATEST-PLAN.md — PREREGISTERED — the opener-CLV measurement)",unknown (not found),live,unknown (not found),no,2026-09-16
trench_continuity,Line and QB continuity,expert,spread,server/services/nfl-matchup-specialists.js,"server/services/nfl-matchup-specialists.js:227 (matchupOpinion), dispatched nfl-expert-council.js:592-596; differential branch nfl-matchup-specialists.js:154-158",market_residual from OL/QB continuity differential,nfl_snaps,"ol_retention (top-5 line retention, 3 prior week-pairs), qb_change flag",none (self-contained ridge fit),ridge,"nfl-expert-council.js weekly audit (per-expert score fields, e.g. market_residual/score_distribution/brier_and_calibration)",unknown (not found),unmeasured,"Not gradable on 2021-2025: nfl_expert_forward_predictions has 3,633 rows, all season 2026 — a forward-capture system with no historical record. (docs/betting-model/plans/LATEST-PLAN.md — PREREGISTERED — the opener-CLV measurement)",unknown (not found),live,unknown (not found),no,2026-09-16
tendency_matchup,Tendency matchup,expert,spread,server/services/nfl-matchup-specialists.js,"server/services/nfl-matchup-specialists.js:227 (matchupOpinion), dispatched nfl-expert-council.js:592-596; ROLE_FEATURES nfl-matchup-specialists.js:41-43",market_residual from pass-rate/tempo tendency differential,nfl_team_week_features,"off/def_proe, shotgun_rate, no_huddle_rate, early_down_pass_rate, neutral_pass_rate diffs",none,ridge,"nfl-expert-council.js weekly audit (per-expert score fields, e.g. market_residual/score_distribution/brier_and_calibration)",unknown (not found),unmeasured,"Not gradable on 2021-2025: nfl_expert_forward_predictions has 3,633 rows, all season 2026 — a forward-capture system with no historical record. (docs/betting-model/plans/LATEST-PLAN.md — PREREGISTERED — the opener-CLV measurement)",unknown (not found),live,unknown (not found),no,2026-09-16
situational_efficiency,Situational efficiency,expert,spread,server/services/nfl-matchup-specialists.js,"server/services/nfl-matchup-specialists.js:227 (matchupOpinion), dispatched nfl-expert-council.js:592-596; ROLE_FEATURES nfl-matchup-specialists.js:44-46",market_residual from early-down EPA/explosive/red-zone/3rd-down differential,nfl_team_week_features,"early_down_epa, explosive_play_rate, red_zone_td_rate, third_down_rate, series_success_rate diffs",none,ridge,"nfl-expert-council.js weekly audit (per-expert score fields, e.g. market_residual/score_distribution/brier_and_calibration)",unknown (not found),unmeasured,"Not gradable on 2021-2025: nfl_expert_forward_predictions has 3,633 rows, all season 2026 — a forward-capture system with no historical record. (docs/betting-model/plans/LATEST-PLAN.md — PREREGISTERED — the opener-CLV measurement)",unknown (not found),live,unknown (not found),no,2026-09-16
pressure_matchup,Pressure matchup,expert,spread,server/services/nfl-matchup-specialists.js,"server/services/nfl-matchup-specialists.js:227 (matchupOpinion), dispatched nfl-expert-council.js:592-596; ROLE_FEATURES nfl-matchup-specialists.js:47-49",market_residual from pressure/sack/havoc differential,nfl_team_week_features,"pressure_epa_delta, sack_rate, qb_hit_rate, clean_pocket_epa, havoc_rate diffs",none,ridge,"nfl-expert-council.js weekly audit (per-expert score fields, e.g. market_residual/score_distribution/brier_and_calibration)",unknown (not found),unmeasured,"Not gradable on 2021-2025: nfl_expert_forward_predictions has 3,633 rows, all season 2026 — a forward-capture system with no historical record. (docs/betting-model/plans/LATEST-PLAN.md — PREREGISTERED — the opener-CLV measurement)",unknown (not found),live,unknown (not found),no,2026-09-16
qb_state,Quarterback state,expert,spread,server/services/nfl-matchup-specialists.js,"server/services/nfl-matchup-specialists.js:227 (matchupOpinion), dispatched nfl-expert-council.js:592-596; differential branch nfl-matchup-specialists.js:149-153",market_residual from starting-QB quality/continuity differential,nfl-qbr.js source tables,"starter_qbr diff, starter_changed diff, starter_starts (capped 6) diff",nfl-qbr.js (teamQbrProfile),ridge,"nfl-expert-council.js weekly audit (per-expert score fields, e.g. market_residual/score_distribution/brier_and_calibration)",unknown (not found),unmeasured,"Not gradable on 2021-2025: nfl_expert_forward_predictions has 3,633 rows, all season 2026 — a forward-capture system with no historical record. (docs/betting-model/plans/LATEST-PLAN.md — PREREGISTERED — the opener-CLV measurement)",unknown (not found),live,unknown (not found),no,2026-09-16
nfelo_line,nfelo pre-regression line,expert,spread,server/services/nfl-matchup-specialists.js,"server/services/nfl-matchup-specialists.js:227 (matchupOpinion), dispatched nfl-expert-council.js:592-596; differential branch nfl-matchup-specialists.js:137-142",market_residual — ridge-fit gap between closing spread and nfelo's pre-regression line,"game_lines (closing spread), nfl_nfelo_games, nfl_nfelo_lines, nfl_nfelo_qb","spread - nfelo_pre_line, qb_adj_diff",nfelo.js (nfeloFeatures),ridge,"nfl-expert-council.js weekly audit (per-expert score fields, e.g. market_residual/score_distribution/brier_and_calibration)",unknown (not found),unmeasured,"Kept out of the open-to-close study by design (reads the close, nfl-matchup-specialists.js:243-247). (docs/betting-model/plans/LATEST-PLAN.md — PREREGISTERED — the opener-CLV measurement)",unknown (not found),live,unknown (not found),yes,2026-09-16
teamrankings_line,TeamRankings predictive line,expert,spread,server/services/nfl-matchup-specialists.js,"server/services/nfl-matchup-specialists.js:227 (matchupOpinion), dispatched nfl-expert-council.js:592-596; differential branch nfl-matchup-specialists.js:143-148",market_residual — ridge-fit gap between closing spread and TeamRankings' predictive line,"game_lines (closing spread), nfl_external_ratings (source=teamrankings)",teamrankings_diff + spread,nfl-external-ratings.js (externalRatingsFeatures); data populated by nfl-teamrankings-lookup.js,ridge,"nfl-expert-council.js weekly audit (per-expert score fields, e.g. market_residual/score_distribution/brier_and_calibration)",unknown (not found),unmeasured,Same close-reading caveat as nfelo_line (nfl-matchup-specialists.js:243-247). (docs/betting-model/plans/LATEST-PLAN.md — PREREGISTERED — the opener-CLV measurement),unknown (not found),live,unknown (not found),yes,2026-09-16
fourth_down_ep,Fourth down by expected points,policy_module,spread,server/services/nfl-sim-policy.js,server/services/nfl-sim-policy.js:72,4th down go/kick/punt call (EP-scale),in-game simulation state (no direct DB table; consumed by nfl-drive-sim.js),"yard, toGo, ep() surface",invoked by server/services/nfl-drive-sim.js during simulateGame/simulateDrive,rule,server/services/nfl-drive-sim.js backtest()/calibrationReport() (shared simulator harness),unknown (not found),"unmeasured (module-level; only the simulator's overall backtest is measured, see drive_sim row)",none found,unknown (not found),live,"yes — pure in-game policy logic, no external data lookup",n/a,2026-09-16
fourth_down_wp,Fourth down by win probability,policy_module,spread,server/services/nfl-sim-policy.js,server/services/nfl-sim-policy.js:108,4th down go/kick/punt call inside final ~7 min (WP-scale override),in-game simulation state (no direct DB table; consumed by nfl-drive-sim.js),"yard, toGo, lead, secondsLeft, spread, isHome",invoked by server/services/nfl-drive-sim.js during simulateGame/simulateDrive,rule,server/services/nfl-drive-sim.js backtest()/calibrationReport() (shared simulator harness),unknown (not found),"unmeasured (module-level; only the simulator's overall backtest is measured, see drive_sim row)",none found,unknown (not found),live,"yes — pure in-game policy logic, no external data lookup","partial (reads the `spread` parameter passed into the simulator call, which may be open or close depending on caller)",2026-09-16
two_point,Two-point conversion chart,policy_module,spread,server/services/nfl-sim-policy.js,server/services/nfl-sim-policy.js:152,go-for-2 vs kick-PAT decision,in-game simulation state (no direct DB table; consumed by nfl-drive-sim.js),"leadAfterTd, secondsLeft, TWO_POINT_STATES set",invoked by server/services/nfl-drive-sim.js during simulateGame/simulateDrive,lookup,server/services/nfl-drive-sim.js backtest()/calibrationReport() (shared simulator harness),unknown (not found),"unmeasured (module-level; only the simulator's overall backtest is measured, see drive_sim row)",none found,unknown (not found),live,"yes — pure in-game policy logic, no external data lookup",n/a,2026-09-16
onside,Onside kick,policy_module,spread,server/services/nfl-sim-policy.js,server/services/nfl-sim-policy.js:176,onside vs kick-deep decision,in-game simulation state (no direct DB table; consumed by nfl-drive-sim.js),"lead, secondsLeft, timeouts, spread, isHome",invoked by server/services/nfl-drive-sim.js during simulateGame/simulateDrive,rule,server/services/nfl-drive-sim.js backtest()/calibrationReport() (shared simulator harness),unknown (not found),"unmeasured (module-level; only the simulator's overall backtest is measured, see drive_sim row)",none found,unknown (not found),live,"yes — pure in-game policy logic, no external data lookup","partial (reads the `spread` parameter passed into the simulator call, which may be open or close depending on caller)",2026-09-16
variance_seeking,Variance seeking when trailing,policy_module,spread,server/services/nfl-sim-policy.js,server/services/nfl-sim-policy.js:223,play-outcome std-dev multiplier when trailing (branch chosen at line 235),in-game simulation state (no direct DB table; consumed by nfl-drive-sim.js),"lead, secondsLeft, spread, isHome",invoked by server/services/nfl-drive-sim.js during simulateGame/simulateDrive,heuristic,server/services/nfl-drive-sim.js backtest()/calibrationReport() (shared simulator harness),unknown (not found),"unmeasured (module-level; only the simulator's overall backtest is measured, see drive_sim row)","Line 229 `const urgency = clamp(1 - secondsLeft / 3600, 0, 1);` present exactly as LATEST-PLAN's F01-2 describes, unchanged — not fixed, but the plan's second citation (:441) is stale (line 441 is an unrelated closing brace). (docs/betting-model/plans/LATEST-PLAN.md FINAL ORDER item 2 / F01-2)",unknown (not found),live,"yes — pure in-game policy logic, no external data lookup","partial (reads the `spread` parameter passed into the simulator call, which may be open or close depending on caller)",2026-09-16
variance_suppression,Variance suppression when leading,policy_module,spread,server/services/nfl-sim-policy.js,server/services/nfl-sim-policy.js:223,play-outcome std-dev multiplier when leading (branch chosen at line 235),in-game simulation state (no direct DB table; consumed by nfl-drive-sim.js),"lead, secondsLeft, spread, isHome",invoked by server/services/nfl-drive-sim.js during simulateGame/simulateDrive,heuristic,server/services/nfl-drive-sim.js backtest()/calibrationReport() (shared simulator harness),unknown (not found),"unmeasured (module-level; only the simulator's overall backtest is measured, see drive_sim row)",Same urgency/3600 note as variance_seeking (shares varianceProfile at line 223/229).,unknown (not found),live,"yes — pure in-game policy logic, no external data lookup","partial (reads the `spread` parameter passed into the simulator call, which may be open or close depending on caller)",2026-09-16
clock_hurry_up,Hurry-up offence,policy_module,spread,server/services/nfl-sim-policy.js,server/services/nfl-sim-policy.js:257,seconds-per-play (running/stopped) when trailing/2-min,in-game simulation state (no direct DB table; consumed by nfl-drive-sim.js),"lead, secondsLeft, noHuddleRate, timeouts",invoked by server/services/nfl-drive-sim.js during simulateGame/simulateDrive,heuristic,server/services/nfl-drive-sim.js backtest()/calibrationReport() (shared simulator harness),"test/nfl-drive-sim-clock-rules.test.js (9 tests added FINAL ORDER item 2, pins kneel/clock fixes)","unmeasured (module-level; only the simulator's overall backtest is measured, see drive_sim row)",none found,unknown (not found),live,"yes — pure in-game policy logic, no external data lookup",n/a,2026-09-16
clock_milking,Clock milking,policy_module,spread,server/services/nfl-sim-policy.js,server/services/nfl-sim-policy.js:257,seconds-per-play (running/stopped) when leading late,in-game simulation state (no direct DB table; consumed by nfl-drive-sim.js),"lead, secondsLeft, noHuddleRate, timeouts",invoked by server/services/nfl-drive-sim.js during simulateGame/simulateDrive,heuristic,server/services/nfl-drive-sim.js backtest()/calibrationReport() (shared simulator harness),"test/nfl-drive-sim-clock-rules.test.js (9 tests added FINAL ORDER item 2, pins kneel/clock fixes)","unmeasured (module-level; only the simulator's overall backtest is measured, see drive_sim row)",none found,unknown (not found),live,"yes — pure in-game policy logic, no external data lookup",n/a,2026-09-16
kneel_down,Kneel-down / victory formation,policy_module,spread,server/services/nfl-sim-policy.js,server/services/nfl-sim-policy.js:314,kneel vs play call,in-game simulation state (no direct DB table; consumed by nfl-drive-sim.js),"lead, secondsLeft, timeouts (opponent's), yard, isHalfEnd, gameSecondsLeft",invoked by server/services/nfl-drive-sim.js during simulateGame/simulateDrive,rule,server/services/nfl-drive-sim.js backtest()/calibrationReport() (shared simulator harness),"test/nfl-drive-sim-clock-rules.test.js (9 tests added FINAL ORDER item 2, pins kneel/clock fixes)","unmeasured (module-level; only the simulator's overall backtest is measured, see drive_sim row)","F01-3 FIXED: line 335 `const kneelable = 40 + (3 - oppTimeouts) * 40;` — sign now correct (more opponent timeouts shrink the window), matching 'CORRECTED 2026-09-16' comments. (docs/betting-model/plans/LATEST-PLAN.md FINAL ORDER item 2 / F01-3)",unknown (not found),live,"yes — pure in-game policy logic, no external data lookup",n/a,2026-09-16
timeouts,Timeout allocation,policy_module,spread,server/services/nfl-sim-policy.js,server/services/nfl-sim-policy.js:360,spend vs hold timeout,in-game simulation state (no direct DB table; consumed by nfl-drive-sim.js),"lead, secondsLeft, timeouts, onDefense",invoked by server/services/nfl-drive-sim.js during simulateGame/simulateDrive,rule,server/services/nfl-drive-sim.js backtest()/calibrationReport() (shared simulator harness),unknown (not found),"unmeasured (module-level; only the simulator's overall backtest is measured, see drive_sim row)",none found,unknown (not found),live,"yes — pure in-game policy logic, no external data lookup",n/a,2026-09-16
prevent_defense,Prevent defence,policy_module,spread,server/services/nfl-sim-policy.js,server/services/nfl-sim-policy.js:384,"prevent-defense active/inactive, yards/explosive multipliers",in-game simulation state (no direct DB table; consumed by nfl-drive-sim.js),"lead, secondsLeft, oppYard",invoked by server/services/nfl-drive-sim.js during simulateGame/simulateDrive,rule,server/services/nfl-drive-sim.js backtest()/calibrationReport() (shared simulator harness),unknown (not found),"unmeasured (module-level; only the simulator's overall backtest is measured, see drive_sim row)",none found,unknown (not found),live,"yes — pure in-game policy logic, no external data lookup",n/a,2026-09-16
field_goal_range,Field-goal range,policy_module,spread,server/services/nfl-sim-policy.js,server/services/nfl-sim-policy.js:408,"kick vs go call, computed break-even FG distance",in-game simulation state (no direct DB table; consumed by nfl-drive-sim.js),"yard, toGo, lead, secondsLeft, windPenalty",invoked by server/services/nfl-drive-sim.js during simulateGame/simulateDrive,rule,server/services/nfl-drive-sim.js backtest()/calibrationReport() (shared simulator harness),unknown (not found),"unmeasured (module-level; only the simulator's overall backtest is measured, see drive_sim row)",none found,unknown (not found),live,"yes — pure in-game policy logic, no external data lookup","partial (reads the `spread` parameter passed into the simulator call, which may be open or close depending on caller)",2026-09-16
no_mans_land,No man's land fourth downs,policy_module,spread,server/services/nfl-sim-policy.js,server/services/nfl-sim-policy.js:431,go vs punt in 35-40 yd band,in-game simulation state (no direct DB table; consumed by nfl-drive-sim.js),"yard, toGo, ep() surface",invoked by server/services/nfl-drive-sim.js during simulateGame/simulateDrive,rule,server/services/nfl-drive-sim.js backtest()/calibrationReport() (shared simulator harness),unknown (not found),"unmeasured (module-level; only the simulator's overall backtest is measured, see drive_sim row)",none found,unknown (not found),live,"yes — pure in-game policy logic, no external data lookup",n/a,2026-09-16
game_script,Game-script play calling,policy_module,spread,server/services/nfl-sim-policy.js,server/services/nfl-sim-policy.js:453,pass rate given lead/clock,in-game simulation state (no direct DB table; consumed by nfl-drive-sim.js),"lead, secondsLeft, rates.off_{neutral,leading,trailing}_pass_rate",invoked by server/services/nfl-drive-sim.js during simulateGame/simulateDrive,heuristic,server/services/nfl-drive-sim.js backtest()/calibrationReport() (shared simulator harness),unknown (not found),"unmeasured (module-level; only the simulator's overall backtest is measured, see drive_sim row)",none found,unknown (not found),live,"yes — pure in-game policy logic, no external data lookup",n/a,2026-09-16
minimax_lean,Minimax under-passing lean,policy_module,spread,server/services/nfl-sim-policy.js,server/services/nfl-sim-policy.js:485,small pass-rate adjustment (±3pt cap),in-game simulation state (no direct DB table; consumed by nfl-drive-sim.js),"rates.off_pass_epa_per_play, rates.off_rush_epa_per_play, enabled",invoked by server/services/nfl-drive-sim.js during simulateGame/simulateDrive,heuristic,server/services/nfl-drive-sim.js backtest()/calibrationReport() (shared simulator harness),unknown (not found),"unmeasured (module-level; only the simulator's overall backtest is measured, see drive_sim row)",none found,unknown (not found),live,"yes — pure in-game policy logic, no external data lookup",n/a,2026-09-16
coach_aggression,Coach aggression,policy_module,spread,server/services/nfl-sim-policy.js,server/services/nfl-sim-policy.js:509,EP threshold shift on module 1 (fourth_down_ep),in-game simulation state (no direct DB table; consumed by nfl-drive-sim.js),"rates.off_fourth_down_rate, leagueFourthDownRate",invoked by server/services/nfl-drive-sim.js during simulateGame/simulateDrive,heuristic,server/services/nfl-drive-sim.js backtest()/calibrationReport() (shared simulator harness),unknown (not found),"unmeasured (module-level; only the simulator's overall backtest is measured, see drive_sim row)",none found,unknown (not found),live,"yes — pure in-game policy logic, no external data lookup",n/a,2026-09-16
deep_shot,Deep-shot selection,policy_module,spread,server/services/nfl-sim-policy.js,server/services/nfl-sim-policy.js:534,deep-attempt rate,in-game simulation state (no direct DB table; consumed by nfl-drive-sim.js),"rates.off_deep_attempt_rate, varianceBonus",invoked by server/services/nfl-drive-sim.js during simulateGame/simulateDrive,heuristic,server/services/nfl-drive-sim.js backtest()/calibrationReport() (shared simulator harness),unknown (not found),"unmeasured (module-level; only the simulator's overall backtest is measured, see drive_sim row)",none found,unknown (not found),live,"yes — pure in-game policy logic, no external data lookup",n/a,2026-09-16
spike,The spike,policy_module,spread,server/services/nfl-sim-policy.js,server/services/nfl-sim-policy.js:554,spike vs play call,in-game simulation state (no direct DB table; consumed by nfl-drive-sim.js),"secondsLeft, timeouts, yard, down",invoked by server/services/nfl-drive-sim.js during simulateGame/simulateDrive,rule,server/services/nfl-drive-sim.js backtest()/calibrationReport() (shared simulator harness),unknown (not found),"unmeasured (module-level; only the simulator's overall backtest is measured, see drive_sim row)",none found,unknown (not found),live,"yes — pure in-game policy logic, no external data lookup",n/a,2026-09-16
intentional_safety,Intentional safety,policy_module,spread,server/services/nfl-sim-policy.js,server/services/nfl-sim-policy.js:572,safety vs punt call,in-game simulation state (no direct DB table; consumed by nfl-drive-sim.js),"lead, secondsLeft, yard, down",invoked by server/services/nfl-drive-sim.js during simulateGame/simulateDrive,rule,server/services/nfl-drive-sim.js backtest()/calibrationReport() (shared simulator harness),unknown (not found),"unmeasured (module-level; only the simulator's overall backtest is measured, see drive_sim row)",none found,unknown (not found),live,"yes — pure in-game policy logic, no external data lookup",n/a,2026-09-16
two_minute_warning,Two-minute warning boundary,policy_module,spread,server/services/nfl-sim-policy.js,server/services/nfl-sim-policy.js:591,strategic guidance + effective timeout count near 2-min warning,in-game simulation state (no direct DB table; consumed by nfl-drive-sim.js),"lead, secondsLeft, timeouts, hasBall",invoked by server/services/nfl-drive-sim.js during simulateGame/simulateDrive,rule,server/services/nfl-drive-sim.js backtest()/calibrationReport() (shared simulator harness),unknown (not found),"unmeasured (module-level; only the simulator's overall backtest is measured, see drive_sim row)",none found,unknown (not found),live,"yes — pure in-game policy logic, no external data lookup",n/a,2026-09-16
ensemble_family,Ensemble family adapter,combiner,spread,server/betting/nfl/forecast/spread-family-adapters.js,server/betting/nfl/forecast/spread-family-adapters.js:206 (ensembleFamilyForecast),"margin (projected_margin from ensembleLine, blendMode:'raw') + cover probability distribution",game_lines (via ensembleLine/marketReference),"line.ensemble.projected_margin, market_spread, distribution fields","server/services/nfl-ensemble.js ensembleLine() (blendMode:'raw', includeChallengers:false)",ridge (inherits nfl-ensemble.js's joint fit),unknown (not found),unknown (not found),unmeasured (adapter itself not separately scored),none found,unknown (not found),live,yes — marketReference/ensembleLine take season/week/cutoff,yes (line.ensemble.market_spread),2026-09-16
simulation_family,Simulation family adapter,combiner,spread,server/betting/nfl/forecast/spread-family-adapters.js,server/betting/nfl/forecast/spread-family-adapters.js:290 (simulationFamilyForecast),"margin/total (from simulateMatchup, 160 trials, ensemble-reconciled mode)",game_lines (via marketReference),"line.ensemble.market_spread/market_total as reweighting anchor, deterministic per-game seed",server/services/nfl-drive-sim.js simulateMatchup(),simulation,unknown (not found),unknown (not found),unmeasured (adapter itself; see drive_sim row for the underlying simulator's own backtest),"Only the 'ensemble-reconciled' mode is wired; docs' separate 'unanchored' mode (fitted params only, no market/ensemble anchor) does not exist as production code (adapter's own doc comment).",unknown (not found),live,yes — marketReference takes season/week/cutoff,yes (spread/total passed to simulateMatchup as reweighting anchor),2026-09-16
lineup_family,Lineup family adapter,combiner,spread,server/betting/nfl/forecast/spread-family-adapters.js,server/betting/nfl/forecast/spread-family-adapters.js:363 (lineupFamilyForecast),margin (marketMargin + roster/availability residual),game_lines (via marketReference); player availability/injury-carryover/roster-strength tables,"structuralMargin (roster_score diff*0.32+1.5), availability.shadow_margin_adjustment, injuryCarryover.incremental_margin_adjustment","nfl-player-value.js (gamePlayerAvailability), nfl-postgame-truth.js (gameInjuryCarryover), nfl-roster-strength.js (teamRosterStrength)",heuristic,unknown (not found),unknown (not found),unmeasured,qualified only when both gamePlayerAvailability().production_eligible AND gameInjuryCarryover().production_eligible are true; both currently self-report false per adapter's own qualification_source string.,unknown (not found),live,yes — marketReference takes season/week/cutoff,yes (marketMargin from line.ensemble.market_spread),2026-09-16
direct_cover_family,Direct cover family adapter,combiner,spread,server/betting/nfl/forecast/spread-family-adapters.js,server/betting/nfl/forecast/spread-family-adapters.js:447 (directCoverFamilyForecast),spread-cover classification (intended); currently always abstains,none (stub),none (stub),"research/tree_lab.py (produces a joblib classifier artifact, never loaded here)",none,unknown (not found),unknown (not found),unmeasured,"CLEARLY STUBBED, not connected: research/tree_lab.py trains logistic/LightGBM cover classifiers and writes a joblib artifact, but no Node-side consumer loads it; observed always false, missing_reason='not_yet_connected' (adapter's own doc comment, file lines ~429-460).",Build the Python-artifact-to-Node bridge per docs §6.4/§10.3 (cited in adapter comment).,stub,n/a — produces no output,n/a,2026-09-16
trained_margin_family,Trained margin family adapter (Stage 3),combiner,spread,server/betting/nfl/forecast/spread-family-adapters.js,"server/betting/nfl/forecast/spread-family-adapters.js:463 (trainedMarginFamilyForecast, async)",margin (result.predicted_margin from a saved Stage 3 Python artifact),"a retained feature request (async, scorePythonArtifact); never marketReference/live tables directly",request.game fields passed through to scorePythonArtifact,"research/betting/nfl/stage3_team_strength.py (saved artifact), via scorePythonArtifact","ols (ridge/LightGBM per stage3, scored via saved artifact)",unknown (not found),unknown (not found),unmeasured (adapter itself),wired=false per skeleton-spread-families.csv; no prospective qualification or probability calibrator per adapter's own qualification_source string.,unknown (not found),unenforced,unknown (not found),"no (consumes only a retained feature request, never marketReference/live tables per adapter's own doc comment)",2026-09-16
drive_sim,Play-by-play drive simulator,forecaster,spread,server/services/nfl-drive-sim.js,server/services/nfl-drive-sim.js:796 (simulateMatchup),"joint home/away score distribution -> margin, total, moneyline, spread cover, over/under, key numbers",game_lines (neutral_site check); team offense/defense play-by-play profiles via blendedProfiles(),"home/away team profiles (prior-season blended), homeFieldPoints (1.6, 0 if neutral), optional spread/total (reweighting anchor), targetMargin/targetTotal","server/services/nfl-sim-policy.js (all 20 MODULES), simulationCalibrationFor() (nfl-sim-calibration.js), blendedProfiles()",simulation,server/services/nfl-drive-sim.js:1239 (backtest),"test/nfl-drive-sim-clock-rules.test.js (9 tests, FINAL ORDER item 2)","52.14% ATS pooled 2021-2025 (256-235), simulator MAE 10.68 vs market MAE 9.80 (docs/betting-model/plans/LATEST-PLAN.md — Section B (Models — are they sharp?)); per-season detail in docs/evidence/2026-09-16/drive-sim-backtest-post-final-order-2.json","Still not profitable / no detectable edge (one-sided P(ATS>=256|break-even)=0.56). Home-field is added post hoc to the score (+1/drive at nfl-drive-sim.js:544) rather than entering per-play rates — structural critique stands. kneelDecision's first branch still reads a HALF clock where it wants a game clock (flagged in code, left for Nick's decision). (docs/betting-model/plans/LATEST-PLAN.md — Section B (Models — are they sharp?))",Move HFA into per-play rates instead of post-hoc score addition (FINAL ORDER item 7 area).,live,"yes — backtest() uses profiles strictly from prior seasons only (profiles_from_season = test season - 1, verified in drive-sim-backtest-post-final-order-2.json)","partial — spread/total are optional params to simulateMatchup used only as an outcome-reweighting anchor, not a required input; caller decides whether to pass open or close",2026-09-16
unified_engine,Gridiron Unified Engine,combiner,spread,server/services/nfl-unified-engine.js,server/services/nfl-unified-engine.js:33 (unifiedGameProjection),"Reconciled projected score, moneyline, spread, total, full scoring distribution and key numbers (min-KL reconciliation of ensemble means onto simulator's joint play-by-play shape)",game_lines (via gameRow),"ensembleLine output (market/projected spread & total), simulateMatchup trial output, teamNewsSignals, gameInjuryCarryover, expertCouncilGame, engine version/epoch","nfl-ensemble.js (ensembleLine), nfl-drive-sim.js (simulateMatchup), nfl-engine-registry.js, nfl-news-signal.js, gridiron-model.js (ask), nfl-expert-council.js (expertCouncilGame), nfl-postgame-truth.js",simulation,none found in file; no dedicated test/nfl-unified-engine.js,none found,unmeasured,none found (no TODO/FIXME); only inline rationale comments,unknown (not found),live (only wired into server/routes/nfl-betting.js — the /nfl-betting route only),"partial — news signals use explicit before:cutoff, but market spread/total default to whatever ensembleLine returns live unless caller supplies frozen values",yes (line.ensemble.market_spread/market_total from ensembleLine unless explicit spread/total passed),2026-09-16
gridiron_authority,Gridiron Authority Ladder,execution_policy,market,server/services/gridiron-model.js,"server/services/gridiron-model.js:483 (ask); also modelMap:443, consensus:529","Not a forecast — a permission decision (authoritative/advisory/research/retired, and whether purpose inform/rank/size is allowed) per capability id, derived from the sealed audit registry; consensus() outputs an inverse-variance-weighted combined value","audit_registry, player_head_audits","Sealed audit rows (observed/threshold/direction/passed/sample_size), static CAPABILITIES metadata table, caller-supplied estimates:[{source,value,rmse}] for consensus()","references ~24 other modules by name as metadata only (player-week-engine, nfl-drive-sim, nfl-market, nfl-ensemble, nfl-team-strength, etc.) — imports only db/index.js directly",rule,statusOf() reads audit_registry WHERE status='sealed',test/gridiron-model.test.js,"unmeasured (the ladder itself is not measured; it cites others' results verbatim, e.g. drive-sim 42.86% ATS / totals 43.81% / GBM-on-residual worse than zero, gridiron-model.js:10-13 — NOTE: the 42.86% figure is documented elsewhere as unreproducible, see drive_sim row)",Explicitly documents six 'MEASURED DEAD' components; several retired capability entries with sealed_audit_negative evidence.,unknown (not found),"live (imported by server/routes/model.js, nfl-engine-registry.js, nfl-unified-engine.js)","no — no cutoff/asOf parameter; statusOf() reads the audit registry's current state at call time, so the same capability id can change authority between two calls",n/a (does not itself fetch market odds; only reads audit_registry rows),2026-09-16
forecast_combination,Forecast Combination (DM-gated),combiner,spread,server/services/forecast-combination.js,server/services/forecast-combination.js:847 (walkForwardCombination),"A combined point forecast of home margin from multiple candidate combination methods (equal-weight, inverse-MSE, OLS/ridge on a reduced basis, constrained least squares, replayed incumbent market-residual blend), each walk-forward evaluated and DM-gated","caller-supplied records (no direct DB query in this file), sourced elsewhere","records[].margins{} (per-component margin forecasts), market_margin, actual_margin, week_key/game_id; greedyBasis reduced component set","forecast-comparison.js (dieboldMariano, naivePairedT), nfl-ensemble.js (completeWeekSplit), nfl-ensemble-rank.js (greedyBasis)",ols,"internal DM/HLN gate (compareMethods:1077, significanceTable:1109)",test/forecast-combination.test.js (asserts this reproduces fitEnsemble's own slopes/weights/gate decisions on a fixture),"unmeasured in production — header states this module 'fits nothing into production... is not wired into ensembleLine'; every stored result is a forecast-combination-fixture-*.json (docs/evidence/2026-09-12/forecast-combination-fixture-{weak-market,oracle-market}.json)","KNOWN BIAS stated in-file: error distribution comes from fitted residuals on the TRAINING block (in-sample), so cover probabilities come out overconfident; needs an inner cross-validation fold inside each training block.",Add inner CV fold inside each training block to de-bias cover probabilities (per file's own known-bias note).,"research_only (fixture-only; not wired into ensembleLine; only non-test importer is server/services/joint-score-backtest.js, itself measurement-only)","yes — explicit walk-forward design: per-cutoff before() strict-inequality split, assertNoSameGameStraddle leak check, content-addressed split manifests","yes (candidate records/methods carry and consume market_margin, e.g. fitIncumbentMarketResidual)",2026-09-16
online_neural,Online Neural Spread Residual (deep_residual),forecaster,spread,server/services/nfl-online-neural.js,server/services/nfl-online-neural.js:175 (onlineNeuralPrediction),"Home-margin residual vs. pregame market spread, bounded ±7 (predicted_margin = market_margin + residual)","nfl_online_neural_artifacts, nfl_online_neural_examples; game_lines indirectly via kickoff/completeWeek checks","ensembleLine output (market_spread/total, projected_margin, model_disagreement_margin, per-family residuals), roster/unit availability edges, teamNewsSignals","nfl-ensemble.js (ensembleLine), nfl-engine-registry.js (activeLearningEpoch), nfl-news-signal.js (teamNewsSignals), date-util.js (nflKickoffDate)",neural,"performanceMetrics() (nfl-online-neural.js:265-291) — weekly-clustered MAE improvement + 90% CI, the forward promotion gate",none found (no dedicated test/nfl-online-neural.js),"unmeasured — no doc/evidence-path citation with a number found in this file; live metrics computed dynamically via performanceMetrics(), not asserted in comments","Head is currently active_shadow with staking_authority '0 units until the forward weekly-clustered promotion gate passes' (nfl-online-neural.js:24-26,362). Cold-start for any historical game per PREREGISTERED note.",unknown (not found),shadow (mode: online_prequential_shadow),yes — explicit before cutoff threaded through spreadFeatureVector/onlineNeuralPrediction/captureOnlineNeuralWeek; prequential rule scores a completed week with old weights before updating,yes (spreadFeatureVector reads ensemble.market_spread/market_total),2026-09-16
market_model,NFL Market Rating Model,forecaster,market,server/services/nfl-market.js,server/services/nfl-market.js:319 (boardFor); calls predictGame:280,"Home win / spread-cover / total over-under probabilities plus predicted score, margin and total, each compared against the no-vig market price","game_lines (historicalGames, boardFor query)","home/away score, spread, total, moneyline, spread_odds, total_over/under_odds, neutral_site; internally-derived offense/defense point ratings","stats-util.js (normalCdf, mean, stdev), nfl-devig.js (shinNoVig), conformal.js (buildConformal, recencyWeights, weightedDraw)",elo,"accuracy() (417), nestedEvaluationRows() (434), scoreAccuracy() (556)","test/nfl-market-correction-lookup.test.js, test/nfl-market-identity-rich.test.js, test/nfl-market-identity.test.js","On 2022-2025 walk-forward residuals the margin-error SD is flat across the model's own |predicted margin| (12.7/12.7/13.6/13.2 points) and rises monotonically across the market's |spread| (12.1/12.4/14.2/14.4) (nfl-market.js:34-38, in-file comment). Also see gridiron-model.js capability betting.model_spread, baseAuthority advisory, audit 'CLV across five seasons (powered)'.",none found (no TODO/FIXME),unknown (not found),"live but gated advisory (inform/rank only, not size; sizing blocked in nfl-execution-edge until proven closing-line value exists per gridiron-model.js:288-296)","partial — historicalGames() naturally excludes unplayed games, but boardFor has no explicit asOf/cutoff parameter to reproduce an arbitrary historical point outside nestedEvaluationRows' fixed per-season folds","yes (boardFor reads game_lines spread/total/moneyline/odds and converts via shinNoVig; not confirmed specifically the closing line, whatever is currently stored)",2026-09-16
preseason_blend,Preseason/In-Season Team Rating Blend,component,spread,server/services/nfl-preseason-blend.js,server/services/nfl-preseason-blend.js:256 (blendedTeamRating),"Blended team margin rating (points) per season/team/week — prior-season, in-season, and posterior-blended values, plus posterior SE","game_lines (season, team, team_score, opp_score, home, week, gameday), player_team_changes (to_team, detected_at)","Prior-season dampened avg margin, in-season dampened avg margin (log-compressed MOV), roster-churn multiplier",none imported besides db/index.js; feeds nfl-gbm.js buildGbmDataset({extraFeatures}) by convention,bayes_eb (normal-normal conjugate shrinkage),"teamStrengthWalkForward (WALK_FORWARD_VERDICT, lines 384-397,410)",unknown (not found),"pooled 2023-2025, challenger MAE 9.86 vs champion MAE 9.84 (slightly worse), 90% CI [-0.017, 0.056] on the improvement, includes zero, 0 of 3 seasons individually significant (WALK_FORWARD_VERDICT, nfl-preseason-blend.js lines 384-397,410)",Not opponent-adjusted / no cross-team EB pooling currently: blendedTeamRating blends only a team's own prior-season margin against its own in-season margin (lines 256-334). Header flags preseasonBlendGbmFeatures 'is NOT wired into any production dataset build' (lines 400-408). FINAL ORDER item 6 calls for James-Stein/EB pooling here (F08-1 confirms not opponent-adjusted).,"Cross-sectional James-Stein / method-of-moments EB pooling, gated behind teamStrengthWalkForward (FINAL ORDER item 6).",research_only,"yes — explicit asOfSeason cutoff defaulting to season, with a hard guard throwing RangeError if asOfSeason > season (lines 260-264)",no,2026-09-16
team_strength,Team Strength Aggregate (Offseason→GBM Feature Block),component,spread,server/services/nfl-team-strength.js,server/services/nfl-team-strength.js:121 (teamStrength),"6 home-minus-away team-strength differential features (ts_proj_off_points, ts_vacated_opportunity_share, ts_returning_points_share, ts_qb1_change, ts_qb1_qbr_delta, ts_qb1_proj_ppg_delta) for a residual GBM challenger","off_team_season (team, qb_change, qb_qbr_delta); rest via imported aggregation functions","proj_off_points, vacated_opportunity_share, returning_points_share, qb1_change, qb1_qbr_delta, qb1_proj_ppg_delta","offseason-model.js, preseason-model.js, nfl-gbm.js (buildGbmDataset, fitGbm, predictGbm), backtest-significance.js, model-governance.js",gbm,teamStrengthWalkForward,unknown (not found),"No fixed accuracy number hardcoded for teamStrength itself (walk-forward numbers computed live). Explicitly market-derived columns (implied_team_points/implied_points_delta) were tried and FAILED (0.995, CI 0.951-1.044) — quoted in header (lines 16-21).",'The residual leakage risk is real and is declared high in the contract: rosterAtSeasonStart falls back to season-T usage for players with no depth row at all.' (lines 42-44). Gate forward_clv hardcoded failed: 'no frozen forward sample — an offseason feature has never been traded live' (lines 448-456).,unknown (not found),challenger,"partial — projections trained on seasons strictly before target, but roster source falls back to season-T usage when no depth row exists (acknowledged high leakage risk, lines 42-45)","no (deliberately excludes implied_team_points/implied_points_delta, lines 16-22)",2026-09-16
nfelo,nfelo External Elo/Market/Stadium Ingestion & Features,lookup,market,server/services/nfelo.js,server/services/nfelo.js:268 (nfeloFeatures),"Home-minus-away Elo/QB-Elo/nfelo-rating diffs, nfelo's pre/post-regression lines, HFA modifier, and public ticket/money split features for one game","nfl_nfelo_games, nfl_nfelo_lines, nfl_nfelo_qb, nfl_stadiums, nfl_team_stadiums (populated from 6 external GitHub-hosted CSVs)","qb_adj_diff, elo_diff, qbelo_diff, nfelo_diff, nfelo_pre_line, nfelo_line_open, hfa_mod, tickets_pct_home, money_pct_home, tickets_pct_total_over, money_pct_total_over",none (pure ingestion/feature module; only db/index.js and team-codes.js imported),lookup,none found,unknown (not found),unmeasured,"Total-split ticket/money columns are guessed, not confirmed: 'these are the column names a total split would plausibly arrive under' (lines 167-168); tickets_pct_total_over/money_pct_total_over 'upstream does not publish it yet' (lines 266,291-292).",unknown (not found),live,"partial — nfeloFeatures has no asOf/cutoff parameter, reads whatever is currently stored including both open and close columns; caller must pick the pre-close field to avoid leakage","yes (home_line_open/close, total_line_open/close, home_spread_tickets_pct, home_spread_money_pct, total_over_tickets_pct, total_over_money_pct)",2026-09-16
teamrankings_lookup,TeamRankings Power-Rating Lookup,lookup,spread,server/services/nfl-teamrankings-lookup.js,server/services/nfl-teamrankings-lookup.js:85 (teamrankingsRatingDiff),Precomputed TeamRankings power-rating differential (home minus away) for one season/week/home game,"JSON file <DATA_ROOT>/research/teamrankings-lookup.json (override via GRIDIRON_TEAMRANKINGS_LOOKUP), produced offline by scripts/export-teamrankings-features.mjs",entries[].rating_diff keyed by season|week|home,none (only platform/paths.js imported),lookup,none found,unknown (not found),unmeasured,"'research_only: this is exactly what feeds the teamrankings_predictive challengerOnly component in nfl-ensemble.js's MODELS list, structurally excluded from every live-blended pick until explicitly promoted' (lines 17-20).",unknown (not found),research_only,yes — export script resolves each team's admissible rating (most recent week strictly before the game's own week) before subtracting (lines 23-29),no,2026-09-16
market_correction_lookup,Market-Correction Residual Lookup,lookup,spread,server/services/nfl-market-correction-lookup.js,server/services/nfl-market-correction-lookup.js:76 (marketCorrectionMargin),Precomputed out-of-fold market-correction margin (points) for one season/week/home game,"JSON file <DATA_ROOT>/research/market-correction-lookup.json (override via GRIDIRON_MARKET_CORRECTION_LOOKUP), produced by research/betting/nfl/export_market_correction_lookup.py",entries[].market_correction_margin keyed by season|week|home,none (only platform/paths.js imported),lookup,none found,unknown (not found),unmeasured,'research_only: ... feeds the market_correction_research challengerOnly component ... structurally excluded from every live-blended pick. Nothing here can reach a real pick by construction' (lines 11-16). Reads only ONE precomputed field (market_correction_margin) — does NOT itself read raw market_spread/market_movement (those live in the upstream Python export).,unknown (not found),research_only,yes (relies on the upstream Python export producing genuinely out-of-fold predictions; this file performs no live computation of its own),reads only the precomputed market_correction_margin (single differenced value) — does NOT itself read raw market_spread or market_movement fields,2026-09-16
cover_calibration,Spread Cover Probability Calibration,calibration,spread,server/services/nfl-cover-calibration.js,server/services/nfl-cover-calibration.js:389 (calibratedCoverProbability),"Calibrated probability (0-1) that a picked spread side covers, as a market-anchored logistic offset of the no-vig market probability","nfl_cover_calibrations (read via latestCoverCalibration, written via buildCoverCalibration)","edge_points, market_probability (via shinNoVig), outcome — sourced from replaySeason() bets","nfl-replay.js (replaySeason), nfl-forecast-identity.js, nfl-devig.js (shinNoVig)",logistic,replaySeason() walk-forward,unknown (not found),"No single fixed headline number hardcoded (computed live); file documents a prior finding: with lambda hardcoded at 1 (no shrinkage), 'the walk-forward result was a model very slightly WORSE than the line it was anchored to' (lines 23-26).",buildCoverCalibration throws if modelOptions.includeChallengers is set: 'replaySeason does not apply the board's neural override. Candidate dynamic controllers require per-row graph provenance before this builder can fit them.' (lines 277-279).,unknown (not found),"live (gated: calibratedCoverProbability returns null unless fit.metrics.forward_gate_passed and forecast-identity match, lines 389-413)",yes — 'Cutoff-safe: only seasons strictly before the evaluation season are ever seen' (line 61); train/test split enforces s.season < season throughout,"yes (market_probability = noVig(american_price, opposite_price) via shinNoVig)",2026-09-16
total_calibration,Totals (Over/Under) Probability Calibration,calibration,total,server/services/nfl-total-calibration.js,server/services/nfl-total-calibration.js:380 (calibratedTotalProbability),"Calibrated probability (0-1) that a picked total side (over/under) wins, as a market-anchored logistic offset of the no-vig market probability","nfl_total_calibrations (read via latestTotalCalibration, written via buildTotalCalibration)","edge_points, market_probability, outcome — sourced from nestedEvaluationRows() (nfl-market.js): g.total, g.total_over_odds, g.total_under_odds, r.predTotal, r.actualTotal",nfl-market.js (nestedEvaluationRows). Does NOT import nfl-devig.js.,logistic,walk-forward vs nfl-market.js nestedEvaluationRows(),unknown (not found),"VERIFIED RESULT (2026-09-04, 16 seasons 2010-2025, n=4317 settled non-push totals with real priced odds, all cutoff-safe): no lambda beats the no-vig market; edge-predicts-outcome test indistinguishable from zero (z≈-1.04, decile buckets flat 46-54%); predicted_total correlates with real final total r≈0.18 but with the market line itself r≈0.63, and the line alone is a better predictor of outcome (r≈0.31 vs 0.18) (lines 271-296).","Line 37 confirms LATEST-PLAN FINAL ORDER item 7 is still unfixed: file defines its own naive proportional de-vig locally instead of importing shinNoVig from nfl-devig.js. Exact code lines 36-40: implied = o => o>0 ? 100/(o+100) : |o|/(|o|+100); noVig = (a,b) => pa/(pa+pb). This is plain proportional split, unlike nfl-cover-calibration.js which uses shinNoVig. Self-documented: forward_gate_passed 'is expected — and confirmed — to come back false', module designed to always abstain live (lines 291-295).",Replace naive proportional noVig at line 37 with shinNoVig import (FINAL ORDER item 7).,shadow (computed/stored every run but self-documented to always fail its own gate),yes — same train/test season-strict-inequality pattern as cover_calibration (lines 304-313),"yes (market_probability from naive-proportional noVig(total_over_odds, total_under_odds), not Shin — see known_failures)",2026-09-16
devig,American-Odds De-vigging (Proportional + Shin),calibration,market,server/services/nfl-devig.js,server/services/nfl-devig.js:110 (shinNoVig),Fair (de-vigged) win probability for one side of a two-outcome priced market,none (pure function; odds passed as arguments),"American odds pair (oddsA, oddsB)",none imported,rule,none found,unknown (not found),unmeasured,"Only 2 of 7 devig methods from the catalog implemented, confirming LATEST-PLAN item 24/catalog item 18: proportionalDevig (line 50) and shinDevig (line 66), exposed via shinNoVig (line 110), proportionalNoVig (line 115), default alias noVig = shinNoVig (line 120). No power, additive, balanced-book, logarithmic, or odds-ratio method present — martineastwood's full 7-method dispatcher not ported.","Add powerDevig() and N-outcome Shin, then port the 7-method dispatcher (FINAL ORDER item 24).",live (imported and used as the default noVig by nfl-cover-calibration.js),"yes (stateless pure function, cannot itself leak future information)",n/a (pure utility; operates on whatever odds are passed in),2026-09-16
stage3_team_strength,Stage 3 team strength model,forecaster,spread,research/betting/nfl/stage3_team_strength.py,research/betting/nfl/stage3_team_strength.py:296 (run_expanding_folds); CLI entry run(args) at line 468,actual_margin (home score minus away score); ridge and LightGBM scored as separate candidates vs a zero-info baseline and the market,SQLite via dataset.build_football_dataset(): game_lines and nfl_team_week_features,"14-feature frozen set: home_rest, away_rest, rest_diff, div_game, home_form_margin, away_form_margin, home_form_count, away_form_count, home_form_total, away_form_total, pbp_available, pbp_diff_off_epa_per_play, pbp_diff_def_epa_per_play, pbp_diff_off_success_rate (lines 122-129)",none (imports only dataset.py),ridge (also gbm: LightGBM scored as separate candidate),"run_expanding_folds (expanding whole-season outer folds, inner chronological 80/20 week split for hyperparameter selection)",unknown (not found),"in-file reference to 'the 10.678-MAE walk-forward audit' (own frozen-14 baseline reproduction note, line 134); exact test-set numbers computed at runtime, not hardcoded. Separately cited elsewhere: market MAE 10.249 vs ridge 10.675 / LightGBM 10.738 (docs/betting-model/plans/LATEST-PLAN.md — Where we go from here).","'A positive result here is exploratory, not confirmed, until scored again on genuinely new, previously-unseen games' (lines 541-544).",unknown (not found),"research_only ('authority': 'research_only', 'production_changed': False, lines 507-508)","yes — expanding outer folds (train strictly before test season S), inner chronological split, test season never in the inner split","no — file states market_spread/market_total 'NEVER appear as a candidate INPUT feature,' only as the -market_spread reference baseline (lines 56-57); confirmed zero market feature names in FEATURE_NAMES",2026-09-16
unified_model,Unified margin model (ridge+LightGBM blend),combiner,spread,research/betting/nfl/unified_model.py,"research/betting/nfl/unified_model.py:101 (fit_unified); predict via class UnifiedMarginModel line 65, .predict() line 75","actual_margin (learned weighted blend of ridge + LightGBM component predictions), plus an empirical interval_80 and margin distribution via .describe()",takes pre-built rows from caller (no direct DB access in this file),"stage3.FEATURE_NAMES (the same frozen 14; lines 104,106)","stage3_team_strength.py (row_features, _ridge_pipeline, _lgb_model, _inner_split); model_artifact.py; expert_selector_lab.py (simplex_ridge, cluster_families)",ridge (nonnegative-simplex-constrained ridge combiner over ridge+LightGBM component predictions),unified_margin_audit.py's run_walk_forward,unknown (not found),unmeasured — no hardcoded metric numbers in this file,"""status: 'research_calibration_requires_outer_validation'"", ""coverage_guarantee: 'not established for dependent NFL games'"" (lines 96-97).",unknown (not found),"research_only (RECIPE['authority']='research_only', outer_results_used_for_selection:False, lines 32-33)","yes — strictly chronological base/combination/calibration week blocks, each filtered by decision_at eligibility cutoffs (lines 41-62,110,132)",no — confirmed zero occurrences of the string 'market' anywhere in unified_model.py (grep),2026-09-16
market_correction,Market-correction head,forecaster,market,research/betting/nfl/market_correction.py,research/betting/nfl/market_correction.py:206 (fit_market_correction); predict via class MarketCorrectionModel.predict_rows line 165,market_residual = actual_margin - market_prediction (market_prediction = -market_spread); final predicted margin = market_prediction + learned correction,takes pre-built rows from caller (no direct DB access in this file),"RECIPE_V1: ['football_prediction','market_spread','market_movement'] (line 67, verified matches doc claim exactly). RECIPE_V2 adds home/away_availability_deficit (90-91); RECIPE_V3 adds home/away_qb_qbr (127)","stage3_team_strength.py (frozen-14 football base, _ridge_pipeline); unified_model.py (chronological_blocks, row_id, RECIPE); model_artifact.py. Downstream: export_market_correction_lookup.py writes server/data/research/market-correction-lookup.json, read by server/services/nfl-market-correction-lookup.js, consumed by nfl-ensemble.js's market_correction_research component.","ridge (correction_family: 'ridge'; football_family: 'ridge (frozen 14-feature contract)', lines 64-65)",unified_margin_audit.py's run_walk_forward,unknown (not found),"In-file: 'the walk-forward audit that measured MAE 10.271 against a market MAE of 9.779 (docs/betting-model/plans/LATEST-PLAN.md, 2021-2026 run)' (lines 9-10); 'RECIPE_V2 ... found no significant difference against v1 — +0.030 CI [-0.006, 0.071]' (106-107). Downstream (JS side): nfl-ensemble.js:1049-1051 — 'Walk-forward audit (2021-2026, 1,440 games): MAE 9.913 vs market 9.779 ... but significantly ahead of its own football-alone base (MAE 10.275)'.","'an ordinary deficit at predict time became a correction of +2,000 points' when a feature had too few non-missing combination rows (now guarded by minimum_feature_support, lines 93-97).",unknown (not found),"challenger (JS side: challengerOnly:true, nfl-ensemble.js:1044-1046; Python side self-declares 'authority':'research_only', 'not wired into weekly_training.py's production path', lines 50-51,75)",yes — reuses unified_model.chronological_blocks' base/combination/calibration split; football prediction fed to the correction head is always out-of-fold (lines 22-39),"yes — correction_feature_names includes market_spread and market_movement directly (line 67); a game missing market_spread/open_spread is left unscored, never defaulted (48-49)",2026-09-16
weekly_training,Weekly training / shadow runner,scheduler_job,spread,research/betting/nfl/weekly_training.py,"research/betting/nfl/weekly_training.py:136 (main); core logic fit_week(db_path, output_root, now=None) at line 46",Fits and persists a unified_margin model artifact weekly; capture_games() produces shadow score requests for upcoming games (no live promotion),"SQLite via dataset.build_football_dataset(db_path, through_season=...) (line 59)",delegates feature construction to dataset.football_feature_row / unified_model — no feature list of its own,"unified_model.py (RECIPE, ma.fit_and_save(...,algorithm='unified_margin'), lines 70,76); model_artifact.py; score_artifact.py",none (orchestration only; delegates modeling to unified_model.py),none in this file,unknown (not found),unmeasured — no metric numbers in this file,"""'historical_revision_completeness': 'not established'"" (line 129).",unknown (not found),"shadow (docstring: 'Fixed weekly ridge recipe and frozen pregame features for the shadow runner'; output carries 'authority':'research_only','qualified':False, line 83; evidence_mode='observed_shadow', line 126)","yes — fit_cutoff/captured_at timestamps gate training rows via eligible_football_rows; capture_games refuses to score a game already past kickoff and bounds artifact staleness to 14 days (61-63,99-101,115-118)",no — file never reads market_spread itself; the fitted unified_margin model has no market feature per unified_model.py verification,2026-09-16
unified_margin_audit,Unified margin walk-forward audit,evaluation,spread,research/betting/nfl/unified_margin_audit.py,research/betting/nfl/unified_margin_audit.py:237 (run_walk_forward); CLI entry main() at line 746,"Per-week out-of-sample margin predictions for unified_model and (optionally) market_correction, paired against market and zero-info baselines; writes report.json/predictions.json/preregistered.json","SQLite via shared_dataset.build_football_dataset(args.db, ...) (lines 562-564)",reuses stage3.row_features/FEATURE_NAMES and market_correction's correction feature names via the modules it imports,"stage3_team_strength.py, unified_model.py (fit_unified), market_correction.py (fit_market_correction, RECIPE_V1/V2/V3), weekly_training.py, model_artifact.py (lines 75-80)",none (evaluation harness only; calls the ridge/gbm models owned by the other files),is itself the evaluation harness for the Python stack,unknown (not found),unmeasured within this file — all metrics computed at runtime and written to report.json; no hardcoded MAE numbers found in source (grep for MAE patterns returned nothing),"Explicit 'limitations' list at lines 673-690, incl. 'market_spread is the stored historical spread, not a verified decision-time executable quote; no result here is a betting or profitability finding'; confirms 'The market-correction head has no betting authority: it is not in weekly_training.py; its walk-forward output is exported to a lookup ... that the JS ensemble registers as a challenger-only component, structurally excluded from every live pick'.",unknown (not found),"live (as an audit/evaluation tool) — its LATEST.json pointer is read downstream by the explain-pick tool (lines 716-719), though it makes 'no automatic gate, threshold or stake change' (line 721)","yes — asserts no test-week game leaks into its own training set (AssertionError if found, lines 293-298); each week trained only on eligible_football_rows(rows, cutoff)","yes/n/a — market_spread used only as the comparison baseline (_market_pred = -market_spread, line 266) and as an input to the market_correction head it audits, never as a feature of the audited unified model itself",2026-09-16
