variant,strategy,tier,dev_n,dev_clv_pts,dev_clv_prob_pp,dev_ev_pct,dev_ev_z,dev_win_pct,dev_flat_roi_pct,y2025_n,y2025_clv_pts,y2025_clv_prob_pp,y2025_ev_pct,y2025_flat_roi_pct,kelly_2024_track_pp,kelly_2024_bets,kelly_2024_expected_growth_pct,kelly_2024_realized_growth_pct,kelly_2025_track_pp,kelly_2025_bets,kelly_2025_expected_growth_pct,kelly_2025_realized_growth_pct,dev_ev_holm_pass
best_book,spreads|tier|stack_magnitude_top25,prior_week,130,1.0346,3.6655,2.3224,2.2427,53.1746,1.2642,76,0.9539,3.4986,2.1492,-3.688,3.859,58,0.5458,-1.7534,3.6655,67,1.5321,-1.3667,False
stale_book,spreads|market|stale_book,prior_week,179,0.6536,2.2193,2.3942,0.7089,45.4023,-11.6757,95,0.3474,1.2812,-2.6945,-9.2656,2.5301,64,1.8742,-5.5789,2.2193,12,-0.0369,-1.2147,False
best_book,spreads|B|nfelo_rating,third_party_bulk,554,0.6606,2.433,0.4356,0.9458,51.4815,-1.5771,271,0.9465,3.3511,1.3747,0.9488,2.5072,202,-0.3614,-10.9913,2.433,174,1.6117,2.3526,False
best_book,spreads|B|wired_W1,prior_week,204,0.5417,1.9832,-0.6134,-0.9637,50.9901,-2.3183,200,0.86,3.1657,1.4204,-4.0414,,0,0.0,0.0,1.9832,33,0.9989,-2.3578,False
best_book,spreads|C|wired_W1,prior_week,204,0.5417,1.9832,-0.6134,-0.9637,50.9901,-2.3183,200,0.86,3.1657,1.4204,-4.0414,,0,0.0,0.0,1.9832,33,0.9989,-2.3578,False
best_book,spreads|B|kmulti_rush_epa,prior_week,554,0.5424,2.0145,-0.4763,-1.3084,51.2015,-2.0784,271,0.9557,3.3908,1.4549,1.6726,1.8398,101,-0.2377,-7.7734,2.0145,44,1.2351,3.0531,False
best_book,spreads|B|situational,prior_week,554,0.5199,1.9122,-0.6073,-1.2021,51.2059,-2.0839,271,0.9465,3.3511,1.3747,0.9488,1.6866,97,-0.1153,-7.023,1.9122,41,1.1106,2.5639,False
best_book,spreads|A|nfelo_rating,third_party_bulk,554,0.6922,2.5599,0.4695,1.0056,50.4638,-3.424,271,0.6181,2.1649,-1.2745,3.0213,2.6737,212,0.1792,-10.6449,2.5599,176,0.7709,0.6225,False
best_book,spreads|C|wired_W9,prior_week,554,0.5298,1.9528,-0.5398,-1.3384,52.1257,-0.3544,271,0.9465,3.3511,1.3747,0.9488,1.7445,101,-0.1887,-6.4696,1.9528,44,1.1381,2.5419,False
best_book,spreads|B|wired_W13,prior_week,554,0.6038,2.2295,-0.063,-0.1447,52.1336,-0.3592,271,0.9557,3.39,1.4596,-0.4601,2.2779,116,-0.4075,-10.4358,2.2295,60,1.3523,2.3645,False
best_book,spreads|C|wired_W5,in_week,554,0.5794,2.1265,-0.2988,-0.7043,52.3897,0.2052,271,0.9465,3.3511,1.3747,0.9488,2.0931,108,-0.3321,-8.6775,2.1265,48,1.2696,2.439,False
best_book,spreads|C|wired_W3,prior_week,554,0.5848,2.1476,-0.2306,-0.5567,52.1179,-0.3237,271,0.9465,3.3511,1.3747,0.9488,2.1355,108,-0.3523,-8.9497,2.1476,48,1.2853,2.4305,False
best_book,spreads|C|wired_W6,in_week,554,0.5848,2.1476,-0.2306,-0.5567,52.1179,-0.3237,271,0.9465,3.3511,1.3747,0.9488,2.1355,108,-0.3523,-8.9497,2.1476,48,1.2853,2.4305,False
best_book,spreads|C|wired_W2,prior_week,554,0.5848,2.1547,-0.1688,-0.4154,52.4074,0.1662,271,0.9465,3.3511,1.3747,0.9488,2.1497,108,-0.3593,-9.0415,2.1547,56,1.2906,2.429,False
best_book,spreads|B|second_half_eff,prior_week,554,0.5821,2.1586,-0.1961,-0.4225,52.7778,0.8991,271,0.9465,3.3511,1.3747,0.9488,2.1575,113,-0.3636,-9.0938,2.1586,56,1.2934,2.4308,False
best_book,spreads|C|recent_form,prior_week,554,0.5487,2.0245,-0.4836,-1.2174,52.1336,-0.2911,271,0.9465,3.3511,1.3747,0.9488,1.9285,105,-0.2632,-6.7871,2.0245,45,1.193,2.4861,False
best_book,spreads|C|wired_W11,prior_week,554,0.5848,2.1594,-0.1649,-0.362,53.0612,1.4183,271,0.9465,3.3511,1.3747,0.9488,2.1592,113,-0.3647,-9.1055,2.1594,56,1.2941,2.4311,False
best_book,spreads|C|wired_W7,prior_week,554,0.5884,2.1685,-0.1363,-0.3325,52.6902,0.6761,271,0.9446,3.3429,1.3323,1.6387,2.1775,116,-0.3751,-9.235,2.1685,59,1.3007,2.4309,False
best_book,spreads|C|wired_W13,prior_week,554,0.5903,2.1757,-0.1175,-0.292,52.037,-0.5231,271,0.9465,3.3511,1.3747,0.9488,2.1919,116,-0.3829,-9.3431,2.1757,60,1.306,2.4258,False
best_book,spreads|B|melo,prior_week,554,0.5894,2.1801,-0.0701,-0.1691,51.7625,-1.0088,271,0.9465,3.3511,1.3747,0.9488,2.2008,116,-0.3877,-9.4092,2.1801,60,1.3098,2.4207,False
best_book,totals|E|pool,prior_week,557,1.0206,2.8235,1.1979,2.4015,55.3309,5.7515,277,0.8375,2.3893,-0.6899,0.6365,3.0073,260,0.9437,1.1798,2.8235,212,-0.0227,4.5514,False
best_book,spreads|C|wired_W10,prior_week,554,0.6002,2.2137,-0.0531,-0.123,52.5046,0.3335,271,0.9465,3.3511,1.3747,0.9488,2.2681,117,-0.4244,-9.9393,2.2137,60,1.3387,2.3826,False
best_book,spreads|C|field_position,prior_week,554,0.6011,2.2185,-0.0824,-0.1897,52.3191,-0.0146,271,0.9465,3.3511,1.3747,0.9488,2.2779,117,-0.4299,-10.0168,2.2185,60,1.3429,2.377,False
best_book,spreads|C|kmulti_drives,prior_week,554,0.6011,2.2185,-0.0824,-0.1897,52.3191,-0.0146,271,0.9465,3.3511,1.3747,0.9488,2.2779,117,-0.4299,-10.0168,2.2185,60,1.3429,2.377,False
best_book,spreads|C|kmulti_field_position,prior_week,554,0.6011,2.2185,-0.0824,-0.1897,52.3191,-0.0146,271,0.9465,3.3511,1.3747,0.9488,2.2779,117,-0.4299,-10.0168,2.2185,60,1.3429,2.377,False
best_book,spreads|C|kmulti_rush_epa,prior_week,554,0.6011,2.2185,-0.0824,-0.1897,52.3191,-0.0146,271,0.9465,3.3511,1.3747,0.9488,2.2779,117,-0.4299,-10.0168,2.2185,60,1.3429,2.377,False
best_book,spreads|C|kmulti_turnover,prior_week,554,0.6011,2.2185,-0.0824,-0.1897,52.3191,-0.0146,271,0.9465,3.3511,1.3747,0.9488,2.2779,117,-0.4299,-10.0168,2.2185,60,1.3429,2.377,False
best_book,spreads|C|point_diff,prior_week,554,0.6011,2.2185,-0.0824,-0.1897,52.3191,-0.0146,271,0.9465,3.3511,1.3747,0.9488,2.2779,117,-0.4299,-10.0168,2.2185,60,1.3429,2.377,False
best_book,spreads|C|pressure_response,prior_week,554,0.6011,2.2185,-0.0824,-0.1897,52.3191,-0.0146,271,0.9465,3.3511,1.3747,0.9488,2.2779,117,-0.4299,-10.0168,2.2185,60,1.3429,2.377,False
best_book,spreads|C|python_unified,prior_week,554,0.6011,2.2185,-0.0824,-0.1897,52.3191,-0.0146,271,0.9465,3.3511,1.3747,0.9488,2.2779,117,-0.4299,-10.0168,2.2185,60,1.3429,2.377,False
best_book,spreads|C|rest_travel,prior_week,554,0.6011,2.2185,-0.0824,-0.1897,52.3191,-0.0146,271,0.9465,3.3511,1.3747,0.9488,2.2779,117,-0.4299,-10.0168,2.2185,60,1.3429,2.377,False
best_book,spreads|C|roster_strength,in_week,554,0.6011,2.2185,-0.0824,-0.1897,52.3191,-0.0146,271,0.9465,3.3511,1.3747,0.9488,2.2779,117,-0.4299,-10.0168,2.2185,60,1.3429,2.377,False
best_book,spreads|C|rush_eff_matchup,prior_week,554,0.6011,2.2185,-0.0824,-0.1897,52.3191,-0.0146,271,0.9465,3.3511,1.3747,0.9488,2.2779,117,-0.4299,-10.0168,2.2185,60,1.3429,2.377,False
best_book,spreads|C|situational,prior_week,554,0.6011,2.2185,-0.0824,-0.1897,52.3191,-0.0146,271,0.9465,3.3511,1.3747,0.9488,2.2779,117,-0.4299,-10.0168,2.2185,60,1.3429,2.377,False
best_book,spreads|C|trenches,prior_week,554,0.6011,2.2185,-0.0824,-0.1897,52.3191,-0.0146,271,0.9465,3.3511,1.3747,0.9488,2.2779,117,-0.4299,-10.0168,2.2185,60,1.3429,2.377,False
best_book,spreads|C|turnover_regressed,prior_week,554,0.6011,2.2185,-0.0824,-0.1897,52.3191,-0.0146,271,0.9465,3.3511,1.3747,0.9488,2.2779,117,-0.4299,-10.0168,2.2185,60,1.3429,2.377,False
best_book,spreads|C|wired_W12,prior_week,554,0.6011,2.2185,-0.0824,-0.1897,52.3191,-0.0146,271,0.9465,3.3511,1.3747,0.9488,2.2779,117,-0.4299,-10.0168,2.2185,60,1.3429,2.377,False
best_book,spreads|B|wired_W2,prior_week,554,0.6011,2.2185,-0.0824,-0.1897,52.3191,-0.0146,271,0.9465,3.3511,1.3747,0.9488,2.2779,117,-0.4299,-10.0168,2.2185,60,1.3429,2.377,False
best_book,spreads|B|wired_W7,prior_week,554,0.6011,2.2185,-0.0824,-0.1897,52.3191,-0.0146,271,0.9465,3.3511,1.3747,0.9488,2.2779,117,-0.4299,-10.0168,2.2185,60,1.3429,2.377,False
best_book,spreads|B|wired_W9,prior_week,554,0.6011,2.2185,-0.0824,-0.1897,52.3191,-0.0146,271,0.9465,3.3511,1.3747,0.9488,2.2779,117,-0.4299,-10.0168,2.2185,60,1.3429,2.377,False
best_book,spreads|baseline|always_home,prior_week,554,0.6011,2.2185,-0.0824,-0.1897,52.3191,-0.0146,271,0.9465,3.3511,1.3747,0.9488,2.2779,117,-0.4299,-10.0168,2.2185,60,1.3429,2.377,False
best_book,spreads|C|kmulti_tempo,prior_week,554,0.602,2.2218,-0.0919,-0.2125,52.5046,0.3229,271,0.9465,3.3511,1.3747,0.9488,2.2844,117,-0.4335,-10.0681,2.2218,60,1.3457,2.3733,False
best_book,spreads|C|lineup_roster,in_week,554,0.5307,1.965,-0.4826,-1.1285,51.4815,-1.5909,271,0.8542,3.0724,0.6493,-1.086,1.7998,96,-0.2349,-9.351,1.965,45,1.137,2.3783,False
best_book,spreads|B|kmulti_explosive,prior_week,554,0.5217,1.9556,-0.7365,-1.5063,51.2059,-2.1306,271,0.9465,3.3511,1.3747,0.9488,1.7641,102,-0.2457,-7.5748,1.9556,45,1.1401,2.5406,False
best_book,spreads|C|wired_W4,prior_week,260,0.575,2.1295,-0.4256,-0.6522,53.1008,1.5801,252,0.9107,3.2332,1.1132,-1.1073,,0,0.0,0.0,2.1295,43,0.8714,2.4262,False
best_book,spreads|B|wired_W8,prior_week,204,0.5417,1.9832,-0.6134,-0.9637,50.9901,-2.3183,200,0.82,3.021,1.1881,-6.4948,,0,0.0,0.0,1.9832,29,0.8526,-3.8724,False
best_book,totals|C|dynamic_state,prior_week,557,0.8878,2.5353,0.7065,1.419,52.1898,-0.0568,277,0.8502,2.4087,-0.5232,-2.5572,2.7074,262,0.5012,0.2189,2.5353,215,0.3338,0.0422,False
best_book,spreads|C|wired_W8,prior_week,204,0.5417,1.9832,-0.6134,-0.9637,50.9901,-2.3183,200,0.9025,3.3062,1.258,1.1043,,0,0.0,0.0,1.9832,33,0.8191,-0.3705,False
best_book,totals|C|kmulti_full_total,prior_week,557,0.9381,2.5716,0.8614,1.9432,54.3278,3.932,277,0.7852,2.229,-1.3754,-2.7418,2.6818,261,0.6829,6.3653,2.5716,196,0.1302,1.7297,False
best_book,spreads|C|explosive_pass,prior_week,554,0.5785,2.1371,-0.2162,-0.4973,52.3191,-0.018,271,0.9336,3.2991,1.2524,1.613,2.1931,118,-0.4554,-9.1484,2.1371,49,1.2657,2.3207,False
best_book,spreads|B|wired_W10,prior_week,554,0.5397,2.0039,-0.3629,-0.8673,52.3105,0.0334,271,0.928,3.2806,1.1645,0.9018,1.847,101,-0.2314,-7.075,2.0039,43,1.0341,0.7901,False
best_book,totals|C|kmulti_minus_drive_scoring_total,prior_week,557,0.9668,2.6543,1.0278,2.4278,55.2486,5.6534,277,0.7545,2.1488,-1.5127,-1.338,2.8872,262,0.8533,4.6015,2.6543,198,-0.0618,3.207,False
best_book,spreads|B|sim,prior_week,553,0.6004,2.2149,-0.0904,-0.2068,52.2305,-0.1902,271,0.9945,3.4982,1.5074,2.9073,2.2707,117,-0.4259,-9.9599,2.2149,59,1.2126,2.2765,False
best_book,spreads|B|explosive,prior_week,554,0.5036,1.875,-0.768,-1.5066,51.0204,-2.4794,271,0.9465,3.3511,1.3747,0.9488,1.7544,103,-0.2974,-8.3379,1.875,41,1.0839,2.5913,False
best_book,spreads|C|market_regression,opener,554,0.6011,2.2185,-0.0824,-0.1897,52.3191,-0.0146,271,0.7878,2.7849,0.3032,1.1466,2.2779,117,-0.4299,-10.0168,2.2185,60,1.2126,2.5957,False
best_book,spreads|B|kmulti_tempo,prior_week,554,0.5921,2.1826,-0.0946,-0.216,51.3915,-1.7139,271,0.9207,3.2469,1.1399,-0.207,2.2058,117,-0.3904,-9.447,2.1826,58,1.1576,0.1064,False
best_book,spreads|A|wired_W1,prior_week,204,0.527,1.9501,-0.6835,-1.0221,49.7512,-4.5499,200,0.73,2.7423,-0.3635,-4.6418,,0,0.0,0.0,1.9501,29,0.7638,-0.0493,False
best_book,spreads|B|explosive_pass,prior_week,554,0.5045,1.8817,-0.7454,-1.574,51.4815,-1.6363,271,0.9465,3.3511,1.3747,0.9488,1.6992,103,-0.3276,-6.8827,1.8817,41,1.0887,2.5864,False
best_book,spreads|B|recent_form,prior_week,554,0.5632,2.0763,-0.3864,-0.9172,52.037,-0.4859,271,0.9834,3.457,1.5425,1.6825,1.9924,107,-0.2895,-7.9961,2.0763,45,1.0218,2.2878,False
best_book,spreads|B|lineup_roster,in_week,554,0.4964,1.8611,-0.5898,-1.34,52.6902,0.8191,271,0.9004,3.1918,1.0779,2.6273,1.7085,100,-0.3435,-6.9236,1.8611,41,1.0739,2.6015,False
best_book,totals|C|kmulti_minus_drives_total,prior_week,557,0.9282,2.5444,0.8114,1.8334,54.3278,3.9335,277,0.7852,2.229,-1.3754,-2.7418,2.6818,261,0.5756,6.4882,2.5444,196,0.146,1.7023,False
best_book,totals|C|kmulti_minus_tempo_total,prior_week,557,0.9282,2.5444,0.8114,1.8334,54.3278,3.9335,277,0.7852,2.229,-1.3754,-2.7418,2.6818,261,0.5756,6.4882,2.5444,196,0.146,1.7023,False
best_book,spreads|B|availability,in_week,546,0.5549,2.0617,-0.2431,-0.5724,54.2373,3.6101,259,0.9305,3.296,1.4061,-0.8305,2.0752,109,-0.4872,-9.7248,2.0617,44,1.2059,1.2188,False
best_book,spreads|B|kmulti_drives,prior_week,554,0.5162,1.9076,-0.5639,-1.2134,51.7625,-1.0256,271,0.9465,3.3511,1.3747,0.9488,1.7985,102,-0.3939,-7.6563,1.9076,41,1.1073,2.5673,False
best_book,spreads|B|kmulti_field_position,prior_week,554,0.5839,2.1531,-0.1402,-0.3145,52.3191,-0.0185,271,0.9465,3.3511,1.3747,0.9488,2.2779,119,-0.582,-10.7212,2.1531,56,1.2894,2.4283,False
best_book,spreads|B|wired_W6,in_week,554,0.6011,2.2185,-0.0824,-0.1897,52.3191,-0.0146,271,0.9317,3.2909,1.132,-2.5297,2.2779,117,-0.4299,-10.0168,2.2185,63,1.1194,1.4687,False
best_book,totals|C|kalman_total,prior_week,557,0.9668,2.6701,0.9824,2.1527,53.2847,1.9937,277,0.7906,2.2374,-1.0813,-0.6352,2.9836,265,0.5351,1.8679,2.6701,211,0.1427,0.99,False
best_book,totals|D|pool,prior_week,557,0.9282,2.6544,0.8821,1.7605,52.9304,1.2496,277,0.8375,2.3782,-0.6862,-0.7581,2.6669,257,0.6785,-1.6419,2.6544,209,-0.0011,4.2187,False
best_book,spreads|B|nfelo_qb_adjustment,third_party_bulk,554,0.5415,1.9954,-0.3639,-0.8845,51.8519,-0.8856,271,0.9465,3.3511,1.3747,0.9488,2.0135,108,-0.4976,-10.1277,1.9954,45,1.1707,2.5092,False
best_book,spreads|B|field_position,prior_week,554,0.4621,1.7133,-0.9078,-2.0808,52.3191,0.0281,271,0.9465,3.3511,1.3747,0.9488,1.5321,98,-0.3072,-5.3325,1.7133,41,0.9662,2.7091,False
best_book,spreads|C|kmulti_success,prior_week,554,0.6164,2.2897,0.0893,0.1956,52.0446,-0.5115,271,0.8708,3.1028,0.8449,-1.7439,2.4074,201,-1.0136,-12.8959,2.2897,61,1.6722,-1.9534,False
best_book,spreads|B|rest_travel,prior_week,554,0.4711,1.7494,-0.8541,-1.9001,52.3191,-0.0023,271,0.9465,3.3511,1.3747,0.9488,1.6264,97,-0.3376,-6.7434,1.7494,41,0.9927,2.6831,False
best_book,spreads|baseline|always_favorite,prior_week,541,0.598,2.2268,0.1385,0.2717,55.303,5.6926,268,0.8078,2.8511,0.2521,-5.4953,1.9415,106,1.2734,15.725,2.2268,61,-0.6246,1.9491,False
best_book,spreads|B|kmulti_drive_scoring,prior_week,554,0.5839,2.1717,-0.0104,-0.0235,53.1481,1.6944,271,0.9354,3.3153,1.2418,0.9037,2.1839,116,-0.3785,-9.2833,2.1717,58,1.0266,1.8346,False
best_book,spreads|B|roster_strength,in_week,554,0.4928,1.8321,-0.6779,-1.5635,52.5046,0.3557,271,0.9465,3.3511,1.3747,0.9488,1.7469,102,-0.4187,-6.8966,1.8321,41,1.0529,2.6229,False
best_book,totals|A|wired_W12_total,prior_week,557,0.7917,2.1495,-0.0108,-0.0257,55.4745,6.1521,277,0.4206,1.1788,-2.7393,-1.2661,2.1063,100,0.5844,3.6815,2.1495,31,0.0492,-0.1213,False
best_book,spreads|B|wired_W12,prior_week,554,0.6011,2.2185,-0.0824,-0.1897,52.3191,-0.0146,271,0.9207,3.2662,1.1775,3.0676,2.2779,117,-0.4299,-10.0168,2.2185,57,1.0476,3.6914,False
best_book,totals|C|kmulti_minus_turnover_total,prior_week,557,0.9183,2.5185,0.7488,1.7091,54.1436,3.5801,277,0.796,2.2631,-1.315,-2.7447,2.6737,261,0.4411,6.7927,2.5185,195,0.1623,1.6091,False
best_book,spreads|B|wired_W11,prior_week,554,0.6011,2.2185,-0.0824,-0.1897,52.3191,-0.0146,271,0.9631,3.4026,1.3616,-1.7752,2.2779,117,-0.4299,-10.0168,2.2185,58,1.0206,1.3011,False
best_book,spreads|B|pressure_response,prior_week,554,0.491,1.8198,-0.8,-2.0995,50.6494,-3.1135,271,0.9188,3.2515,1.1332,-0.4701,1.7476,103,-0.4257,-6.3579,1.8198,40,1.0108,1.1093,False
best_book,spreads|C|nfelo_qb_adjustment,third_party_bulk,554,0.5181,1.9064,-0.5808,-1.2905,51.8519,-0.919,271,0.845,3.002,0.5686,1.7397,1.8165,102,-0.3656,-9.868,1.9064,43,0.9413,2.2953,False
best_book,spreads|B|kmulti_full,prior_week,554,0.5984,2.2095,-0.0965,-0.2225,51.9481,-0.7038,271,0.9022,3.2068,1.1388,-0.4199,2.2779,117,-0.7991,-12.6459,2.2095,60,1.3351,2.3873,False
best_book,spreads|B|kmulti_minus_drives,prior_week,554,0.5984,2.2095,-0.0965,-0.2225,51.9481,-0.7038,271,0.9022,3.2068,1.1388,-0.4199,2.2779,117,-0.7991,-12.6459,2.2095,60,1.3351,2.3873,False
best_book,spreads|B|kmulti_minus_explosive,prior_week,554,0.5984,2.2095,-0.0965,-0.2225,51.9481,-0.7038,271,0.9022,3.2068,1.1388,-0.4199,2.2779,117,-0.7991,-12.6459,2.2095,60,1.3351,2.3873,False
best_book,spreads|B|kmulti_minus_field_position,prior_week,554,0.5984,2.2095,-0.0965,-0.2225,51.9481,-0.7038,271,0.9022,3.2068,1.1388,-0.4199,2.2779,117,-0.7991,-12.6459,2.2095,60,1.3351,2.3873,False
best_book,spreads|B|kmulti_minus_k1,prior_week,554,0.5984,2.2095,-0.0965,-0.2225,51.9481,-0.7038,271,0.9446,3.3436,1.4325,0.2846,2.2779,117,-0.7991,-12.6459,2.2095,60,1.3351,2.3873,False
best_book,spreads|B|kmulti_minus_pass_epa,prior_week,554,0.5984,2.2095,-0.0965,-0.2225,51.9481,-0.7038,271,0.9022,3.2068,1.1388,-0.4199,2.2779,117,-0.7991,-12.6459,2.2095,60,1.3351,2.3873,False
best_book,spreads|B|kmulti_minus_qb,prior_week,554,0.5984,2.2095,-0.0965,-0.2225,51.9481,-0.7038,271,0.9446,3.3436,1.4325,0.2846,2.2779,117,-0.7991,-12.6459,2.2095,60,1.3351,2.3873,False
best_book,spreads|B|kmulti_minus_rush_epa,prior_week,554,0.5984,2.2095,-0.0965,-0.2225,51.9481,-0.7038,271,0.9446,3.3436,1.4325,0.2846,2.2779,117,-0.7991,-12.6459,2.2095,60,1.3351,2.3873,False
best_book,spreads|B|kmulti_minus_tempo,prior_week,554,0.5984,2.2095,-0.0965,-0.2225,51.9481,-0.7038,271,0.9446,3.3436,1.4325,0.2846,2.2779,117,-0.7991,-12.6459,2.2095,60,1.3351,2.3873,False
best_book,spreads|B|kmulti_minus_turnover,prior_week,554,0.5984,2.2095,-0.0965,-0.2225,51.9481,-0.7038,271,0.9022,3.2068,1.1388,-0.4199,2.2779,117,-0.7991,-12.6459,2.2095,60,1.3351,2.3873,False
best_book,spreads|B|kmulti_minus_success,prior_week,554,0.6083,2.2402,-0.0403,-0.0904,52.1336,-0.3592,271,0.9465,3.3511,1.3747,0.9488,2.3395,120,-0.8348,-13.1817,2.2402,60,1.3614,2.3523,False
best_book,spreads|C|python_football,prior_week,554,0.5866,2.1738,-0.1953,-0.4563,51.0242,-2.4135,271,0.9465,3.3511,1.3477,1.613,2.1975,114,-0.7892,-13.5502,2.1738,59,1.3044,2.4276,False
best_book,spreads|C|epa_neutral,prior_week,554,0.5966,2.2003,-0.1254,-0.2848,51.9481,-0.7008,271,0.9465,3.3511,1.3747,0.9488,2.2779,119,-0.8505,-12.8833,2.2003,60,1.3272,2.3978,False
best_book,spreads|B|pythagorean,prior_week,554,0.5731,2.1083,-0.299,-0.7166,52.2222,-0.1931,271,0.9465,3.3511,1.3747,0.9488,2.1347,106,-0.78,-11.712,2.1083,48,1.2559,2.4462,False
best_book,spreads|B|python_football,prior_week,554,0.546,2.0246,-0.3497,-0.6942,50.8411,-2.6757,271,0.9465,3.3511,1.3477,1.613,1.9098,101,-0.7226,-5.0727,2.0246,45,1.1931,2.486,False
best_book,spreads|C|availability,in_week,546,0.5595,2.0919,-0.1425,-0.3177,53.1073,1.3963,259,0.6178,2.3091,-0.7259,-2.8592,2.0706,103,-0.4442,-10.0169,2.0919,47,0.9135,2.7031,False
best_book,spreads|C|kmulti_qb,prior_week,554,0.5957,2.1998,-0.1285,-0.2962,52.1336,-0.3592,271,0.9465,3.3511,1.3747,0.9488,2.2779,116,-0.8679,-12.1939,2.1998,60,1.3267,2.3984,False
best_book,spreads|B|point_diff,prior_week,554,0.5442,2.0075,-0.482,-1.3394,52.5926,0.5136,271,0.9465,3.3511,1.3747,0.9488,1.9806,106,-0.7214,-10.8254,2.0075,45,1.18,2.4996,False
best_book,spreads|B|colley,prior_week,554,0.5957,2.1998,-0.1285,-0.2962,52.1336,-0.3592,271,0.9483,3.3594,1.376,0.2846,2.2779,116,-0.8679,-12.1939,2.1998,61,1.3255,2.3734,False
best_book,spreads|B|blend,mixed,554,0.5984,2.211,-0.1257,-0.3032,51.8587,-0.8638,271,0.9465,3.3511,1.3747,0.9488,2.2907,119,-0.8849,-13.9994,2.211,60,1.3364,2.3856,False
best_book,spreads|C|colley,prior_week,554,0.6056,2.2399,-0.0472,-0.1121,52.4074,0.1575,271,0.9465,3.3511,1.3747,0.9488,2.3504,119,-0.9116,-12.5997,2.2399,60,1.3612,2.3526,False
best_book,spreads|B|massey,prior_week,554,0.5523,2.0413,-0.4429,-1.2175,52.5926,0.4706,271,0.9465,3.3511,1.3747,0.9488,2.0484,106,-0.7588,-11.366,2.0413,45,1.2058,2.4728,False
best_book,spreads|B|turnover_regressed,prior_week,554,0.5487,2.024,-0.4559,-1.2023,52.5926,0.4822,271,0.9465,3.3511,1.3747,0.9488,2.0211,106,-0.7514,-11.4643,2.024,45,1.1926,2.4865,False
best_book,spreads|A|wired_W8,prior_week,204,0.5858,2.1616,-0.1835,-0.1801,50.7463,-2.6638,200,0.78,2.8804,-0.1742,-0.8729,,0,0.0,0.0,2.1616,44,0.4393,-4.405,False
best_book,spreads|B|python_unified,prior_week,554,0.5144,1.9084,-0.5738,-1.1315,51.4925,-1.476,271,0.9465,3.3511,1.3477,1.613,1.6985,100,-0.6727,-2.8852,1.9084,41,1.1079,2.5667,False
best_book,spreads|C|pythagorean,prior_week,554,0.5966,2.2026,-0.1354,-0.3131,52.1336,-0.3699,271,0.9465,3.3511,1.3747,0.9488,2.2779,114,-0.9071,-12.5611,2.2026,60,1.3292,2.3951,False
best_book,spreads|C|massey,prior_week,554,0.593,2.1877,-0.1633,-0.3763,52.3191,-0.0238,271,0.9465,3.3511,1.3747,0.9488,2.2779,115,-0.9126,-12.5088,2.1877,60,1.3163,2.4122,False
best_book,spreads|B|kmulti_success,prior_week,554,0.6074,2.2502,-0.0665,-0.1292,51.3863,-1.7295,271,0.952,3.3661,1.5052,0.2906,2.3007,119,-0.9708,-15.7868,2.2502,60,1.37,2.3408,False
best_book,spreads|B|kmulti_pass_epa,prior_week,554,0.6137,2.2743,0.0266,0.0664,51.0204,-2.3921,271,0.9465,3.3511,1.3747,0.9488,2.3328,118,-0.9942,-13.3395,2.2743,60,1.3906,2.3132,False
best_book,spreads|B|series_sustain,prior_week,554,0.5542,2.0453,-0.3883,-0.8227,51.0204,-2.4465,271,0.9465,3.3511,1.3747,0.9488,1.9999,105,-0.8233,-11.9693,2.0453,45,1.2088,2.4696,False
best_book,spreads|C|pass_eff_matchup,prior_week,554,0.5866,2.1735,-0.1586,-0.3594,51.0242,-2.4021,271,0.8985,3.1837,0.9538,0.5305,2.1488,111,-0.9342,-11.4464,2.1735,59,1.3101,1.673,False
best_book,spreads|C|series_sustain,prior_week,554,0.5857,2.1673,-0.1601,-0.3598,51.577,-1.4075,271,0.8708,3.0965,0.8196,0.5297,2.2779,117,-1.0076,-14.1205,2.1673,59,1.3832,2.9092,False
best_book,spreads|A|market_anchor,opener,554,0.5632,2.0613,-0.3467,-0.8765,52.0221,-0.4692,271,0.9041,3.1603,0.9117,-4.5692,1.9622,106,-0.2778,-7.7906,2.0613,47,0.6301,1.2306,False
best_book,spreads|A|market_regression,opener,554,0.6011,2.2185,-0.0824,-0.1897,52.3191,-0.0146,271,0.8653,3.0581,0.6927,-3.9397,2.2779,117,-0.4299,-10.0168,2.2185,60,0.7721,1.2398,False
best_book,spreads|B|wired_W3,prior_week,554,0.6011,2.2185,-0.0824,-0.1897,52.3191,-0.0146,271,0.8561,3.0192,0.611,-4.6326,2.2779,117,-0.4299,-10.0168,2.2185,62,0.7695,0.3801,False
best_book,spreads|B|wired_W5,in_week,554,0.6011,2.2185,-0.0824,-0.1897,52.3191,-0.0146,271,0.8635,3.0514,0.6629,-2.5367,2.2779,117,-0.4299,-10.0168,2.2185,61,0.7691,1.0842,False
best_book,spreads|B|kmulti_turnover,prior_week,554,0.5749,2.1194,-0.2781,-0.6615,51.4815,-1.5793,271,0.9465,3.3511,1.3747,0.9488,2.1721,114,-0.9362,-13.7955,2.1194,48,1.2642,2.4418,False
best_book,spreads|B|pass_eff_matchup,prior_week,554,0.5812,2.157,-0.1831,-0.5043,51.2104,-2.0589,271,0.9465,3.3511,1.3747,0.9488,2.156,116,-0.9716,-11.4243,2.157,56,1.2923,2.43,False
best_book,spreads|B|rush_eff_matchup,prior_week,554,0.4458,1.6655,-1.0703,-2.3092,52.037,-0.5455,271,0.9465,3.3511,1.3747,0.9488,1.4014,67,-0.6209,-8.2326,1.6655,41,0.9309,2.7435,False
best_book,spreads|B|kmulti_qb,prior_week,554,0.5514,2.0409,-0.4201,-0.9479,51.7625,-1.031,271,0.9465,3.3511,1.3747,0.9488,2.2008,117,-0.9014,-12.1846,2.0409,45,1.2055,2.4731,False
best_book,spreads|B|trenches,prior_week,554,0.4756,1.762,-0.961,-2.2054,51.845,-0.9726,271,0.9465,3.3511,1.3747,0.9488,1.6157,97,-0.6992,-8.6752,1.762,41,1.0019,2.6739,False
best_book,spreads|F|pool,prior_week,554,0.5442,2.0135,-0.3905,-0.8677,51.8587,-0.8114,271,1.0203,3.5792,1.5487,4.1969,1.9577,106,-0.7085,-10.0917,2.0135,43,1.0015,3.7564,False
best_book,spreads|C|kmulti_explosive,prior_week,554,0.6083,2.2512,0.0296,0.0656,51.9481,-0.7593,271,0.7399,2.6845,-0.2831,-0.362,2.2779,116,-0.3808,-13.5835,2.2512,58,0.6591,2.6621,False
best_book,spreads|C|explosive,prior_week,554,0.5776,2.1318,-0.212,-0.4556,52.1336,-0.3984,271,0.7934,2.8255,0.2103,-1.0263,2.2779,118,-0.6931,-13.3241,2.1318,45,0.9684,4.4216,False
best_book,spreads|B|wired_W4,prior_week,260,0.575,2.1295,-0.4256,-0.6522,53.1008,1.5801,252,0.8889,3.1053,0.7352,-4.0021,,0,0.0,0.0,2.1295,46,0.2519,1.8929,False
best_book,spreads|B|kalman_score,prior_week,554,0.6065,2.2356,-0.0663,-0.1632,51.3011,-1.9205,271,0.9446,3.3436,1.4325,0.2846,2.3377,116,-1.1091,-12.9233,2.2356,60,1.3575,2.3575,False
best_book,spreads|B|kmulti_k1,prior_week,554,0.6065,2.2356,-0.0663,-0.1632,51.3011,-1.9205,271,0.9446,3.3436,1.4325,0.2846,2.3377,116,-1.1091,-12.9233,2.2356,60,1.3575,2.3575,False
best_book,totals|A|kmulti_minus_rush_epa_total,prior_week,557,0.9156,2.4738,0.418,0.8869,54.1971,3.5673,277,0.6625,1.861,-1.6492,2.9555,2.687,254,0.3556,10.2766,2.4738,215,-0.1114,4.4446,False
best_book,spreads|B|kalman_score_epa,prior_week,554,0.6236,2.2953,0.0708,0.1646,51.487,-1.5727,271,0.9022,3.2068,1.1388,-0.4199,2.442,194,-1.1698,-14.0701,2.2953,63,1.4078,2.2786,False
best_book,totals|C|kmulti_minus_pass_epa_total,prior_week,557,0.9417,2.5813,0.8488,1.7882,56.4338,7.8619,277,0.7329,2.0669,-1.5804,0.2337,2.79,260,0.2677,11.6434,2.5813,201,-0.0617,4.3243,False
best_book,totals|C|kmulti_success_total,prior_week,557,0.9237,2.5367,0.8024,1.7552,54.2279,3.7114,277,0.7112,2.0133,-1.5314,-2.244,2.8174,262,0.2768,5.7798,2.5367,202,-0.0751,1.0768,False
best_book,spreads|B|opp_adjusted,prior_week,554,0.5993,2.2135,-0.1209,-0.2633,52.037,-0.4836,271,0.9465,3.3511,1.3747,0.9488,2.2509,115,-1.1524,-11.7084,2.2135,60,1.3385,2.3828,False
best_book,spreads|B|success_rate,prior_week,554,0.5415,2.0225,-0.4483,-0.8431,51.107,-2.2374,271,0.9465,3.3511,1.3747,0.9488,2.0779,108,-1.0061,-15.9871,2.0225,45,1.1915,2.4877,False
stale_book,totals|market|stale_book,prior_week,301,0.4767,1.3652,-1.6972,-3.185,48.6486,-6.8106,123,0.439,1.2287,-4.167,1.2072,1.2578,15,0.2895,2.153,1.3652,9,-0.1055,1.0848,False
best_book,totals|C|wired_W7_total,prior_week,557,0.9345,2.5753,0.7869,1.5552,54.1284,3.5515,277,0.6986,1.9749,-1.4408,-4.1424,2.8455,260,0.2421,5.4639,2.5753,210,-0.0938,1.0616,False
best_book,spreads|B|epa_neutral,prior_week,554,0.5713,2.1077,-0.2833,-0.6682,52.7778,0.9084,271,0.9465,3.3511,1.3747,0.9488,2.0847,107,-1.1078,-7.8447,2.1077,48,1.2555,2.4464,False
best_book,spreads|A|wired_W4,prior_week,260,0.5423,2.0492,-0.5599,-0.8949,50.5882,-3.2602,252,0.496,1.8729,-2.1304,-3.7512,,0,0.0,0.0,2.0492,41,0.1331,2.2437,False
best_book,spreads|C|success_rate,prior_week,554,0.5569,2.0901,-0.2715,-0.5364,50.4638,-3.4669,271,0.7786,2.7771,0.1217,-1.0554,2.2371,119,-1.1508,-18.0782,2.0901,49,1.2773,-0.8681,False
best_book,totals|A|dynamic_state,prior_week,557,0.8582,2.3329,0.4055,0.807,56.3869,7.9102,277,0.6588,1.8659,-1.3226,-2.1463,2.5452,255,0.0928,16.1022,2.3329,54,0.0192,0.8354,False
reference,spreads|baseline|always_away,prior_week,554,-0.083,-0.3026,-5.0049,-10.5991,49.8127,-4.4946,271,-0.2454,-0.8712,-6.7276,-8.0633,-0.5289,2,0.1004,1.1721,-0.3026,1,-0.0024,0.0079,False
best_book,totals|C|kmulti_minus_explosive_total,prior_week,557,0.8914,2.4454,0.6047,1.2658,53.211,1.8143,277,0.7653,2.1704,-1.3564,-4.3741,2.7749,262,0.0926,0.8922,2.4454,197,0.0001,1.1559,False
best_book,spreads|A|trenches,prior_week,554,0.4738,1.7432,-0.9261,-1.8871,51.8587,-0.8372,271,0.7288,2.6047,-0.9795,-1.3153,1.468,86,-0.7004,-3.6566,1.7432,33,0.7811,2.2807,False
best_book,spreads|A|availability,in_week,546,0.4799,1.7812,-0.7019,-1.414,48.9642,-5.9108,259,0.6351,2.3796,-1.31,1.384,1.5821,88,-0.813,-4.7859,1.7812,29,0.8887,2.1709,False
best_book,spreads|C|melo,prior_week,554,0.5731,2.1201,-0.2727,-0.6599,52.8757,1.0361,271,0.9446,3.3436,1.3767,0.27,2.2443,116,-1.1933,-8.4088,2.1201,47,1.2638,3.0404,False
best_book,spreads|A|wired_W7,prior_week,554,0.4937,1.8506,-0.8677,-1.9191,51.8587,-0.7675,271,0.8192,2.8774,-0.4335,-9.9683,1.8532,104,-1.0353,1.6502,1.8506,35,1.0902,-2.7193,False
best_book,totals|G|pool,prior_week,557,0.8833,2.4032,0.3199,0.6217,51.6423,-1.2321,277,0.4819,1.359,-2.3863,-2.4509,2.6015,251,0.2924,4.5742,2.4032,221,-0.247,-1.5821,False
reference,totals|A|wired_W12_total,prior_week,557,0.0996,0.2732,-3.9333,-11.3163,52.6606,0.5098,277,-0.1011,-0.2779,-4.8738,-1.9691,0.0304,1,0.0347,-0.6708,0.2732,0,0.0,0.0,False
best_book,totals|A|kmulti_minus_explosive_total,prior_week,557,0.9551,2.6051,0.7071,1.4224,52.9304,1.1666,277,0.7076,1.9968,-1.4014,-0.5677,2.8373,257,0.3233,8.6409,2.6051,213,-0.3021,2.3426,False
best_book,spreads|C|kmulti_pass_epa,prior_week,554,0.6354,2.3353,0.1826,0.4305,50.2793,-3.7949,271,0.8192,2.9243,0.4067,2.5822,2.4116,201,-1.1717,-12.9843,2.3353,64,1.19,1.8826,False
best_book,totals|C|wired_W13_total,prior_week,557,0.9057,2.4938,0.595,1.2906,52.0147,-0.4595,277,0.6751,1.9112,-1.6963,-5.9094,2.7879,262,0.0983,-0.3204,2.4938,200,-0.0858,1.6291,False
best_book,totals|A|kmulti_rush_epa_total,prior_week,557,0.754,2.0437,-0.2684,-0.6259,53.5649,2.5187,277,0.4838,1.3586,-2.3871,-1.0659,2.1505,104,0.0305,5.6495,2.0437,38,-0.0244,1.1986,False
best_book,totals|A|kmulti_minus_drive_scoring_total,prior_week,557,0.9336,2.5391,0.5257,1.1282,53.4926,2.1817,277,0.639,1.8034,-1.7134,-3.2328,2.7761,254,0.1734,11.6349,2.5391,213,-0.1707,2.7972,False
best_book,totals|C|kmulti_minus_field_position_total,prior_week,557,0.9174,2.5126,0.7435,1.5789,55.6985,6.5286,277,0.7635,2.1587,-1.4005,-1.7738,2.7347,259,0.0771,11.8079,2.5126,203,-0.0746,3.0113,False
best_book,totals|A|wired_W9_total,prior_week,557,0.8537,2.3278,0.3605,0.6551,53.3821,2.2095,277,0.3538,0.9825,-2.82,0.0929,2.457,253,0.1984,5.9283,2.3278,58,-0.1969,-0.3695,False
reference,spreads|B|market_anchor,opener,0,,,,,,,0,,,,,,0,0.0,0.0,,0,0.0,0.0,False
reference,spreads|C|market_anchor,opener,0,,,,,,,0,,,,,,0,0.0,0.0,,0,0.0,0.0,False
reference,spreads|A|wired_W1,prior_week,204,0.0931,0.3264,-4.2541,-5.3315,47.7387,-8.634,200,0.17,0.6461,-2.9981,-5.1787,,0,0.0,0.0,0.3264,0,0.0,0.0,False
reference,spreads|B|wired_W1,prior_week,204,0.0392,0.1198,-4.4778,-5.4971,49.7487,-4.7641,200,0.34,1.2169,-1.3817,-5.3703,,0,0.0,0.0,0.1198,0,0.0,0.0,False
reference,spreads|C|wired_W1,prior_week,204,0.0392,0.1198,-4.4778,-5.4971,49.7487,-4.7641,200,0.34,1.2169,-1.3817,-5.3703,,0,0.0,0.0,0.1198,0,0.0,0.0,False
reference,spreads|A|wired_W8,prior_week,204,0.2402,0.848,-3.1463,-2.9058,49.2462,-5.7982,200,0.165,0.5834,-3.4039,-1.5549,,0,0.0,0.0,0.848,0,0.0,0.0,False
reference,spreads|B|wired_W8,prior_week,204,0.0392,0.1198,-4.4778,-5.4971,49.7487,-4.7641,200,0.285,1.0075,-1.5557,-8.1391,,0,0.0,0.0,0.1198,0,0.0,0.0,False
reference,spreads|C|wired_W8,prior_week,204,0.0392,0.1198,-4.4778,-5.4971,49.7487,-4.7641,200,0.32,1.162,-1.9342,0.2979,,0,0.0,0.0,0.1198,0,0.0,0.0,False
reference,totals|A|kmulti_field_position_total,prior_week,557,0.1122,0.3096,-3.9279,-9.788,50.4587,-3.6248,277,-0.0397,-0.0913,-4.6581,-6.1163,0.2253,0,0.0,0.0,0.3096,0,0.0,0.0,False
reference,totals|A|kmulti_full_total,prior_week,557,0.2253,0.621,-3.3177,-7.6963,50.2752,-3.9184,277,0.1949,0.545,-3.4956,0.8231,0.5786,0,0.0,0.0,0.621,0,0.0,0.0,False
reference,totals|B|kmulti_full_total,prior_week,557,0.3474,0.9703,-2.5931,-5.7781,53.7615,2.5765,277,-0.0758,-0.2253,-4.831,-10.9287,1.1287,0,0.0,0.0,0.9703,0,0.0,0.0,False
reference,totals|A|kmulti_minus_drives_total,prior_week,557,0.2253,0.621,-3.3177,-7.6963,50.2752,-3.9184,277,0.1949,0.545,-3.4956,0.8231,0.5786,0,0.0,0.0,0.621,0,0.0,0.0,False
reference,totals|B|kmulti_minus_drives_total,prior_week,557,0.3528,0.9835,-2.565,-5.7628,53.3945,1.891,277,-0.0758,-0.2253,-4.831,-10.9287,1.1287,0,0.0,0.0,0.9835,0,0.0,0.0,False
reference,totals|A|kmulti_minus_explosive_total,prior_week,557,0.2917,0.8201,-2.9074,-6.6014,50.0917,-4.279,277,0.2383,0.6724,-3.2055,-1.2577,0.7464,0,0.0,0.0,0.8201,0,0.0,0.0,False
reference,totals|A|kmulti_minus_field_position_total,prior_week,557,0.2092,0.5671,-3.406,-7.7401,48.9908,-6.3239,277,0.1264,0.3694,-3.7399,-4.0263,0.5281,0,0.0,0.0,0.5671,0,0.0,0.0,False
reference,totals|B|kmulti_minus_field_position_total,prior_week,557,0.3043,0.8476,-2.7991,-6.5747,52.6606,0.5443,277,-0.0433,-0.149,-4.6732,-10.9287,1.235,0,0.0,0.0,0.8476,0,0.0,0.0,False
reference,totals|A|kmulti_minus_k2_total,prior_week,557,0.211,0.5788,-3.4118,-7.5268,49.9083,-4.6216,277,0.1769,0.489,-3.5307,-2.6289,0.5963,0,0.0,0.0,0.5788,0,0.0,0.0,False
reference,totals|B|kmulti_minus_k2_total,prior_week,557,0.2971,0.8224,-2.8255,-6.9241,52.1101,-0.4692,277,-0.0686,-0.2129,-4.8205,-8.1659,1.0704,0,0.0,0.0,0.8224,0,0.0,0.0,False
reference,totals|A|kmulti_minus_pass_epa_total,prior_week,557,0.2145,0.5805,-3.4313,-7.6252,48.4404,-7.3964,277,0.2022,0.5736,-3.3062,-3.3371,0.6885,0,0.0,0.0,0.5805,0,0.0,0.0,False
reference,totals|B|kmulti_minus_pass_epa_total,prior_week,557,0.272,0.7578,-2.9944,-6.7817,52.6606,0.5334,277,-0.065,-0.213,-4.839,-8.1719,1.1048,0,0.0,0.0,0.7578,0,0.0,0.0,False
reference,totals|A|kmulti_minus_rush_epa_total,prior_week,557,0.2487,0.6766,-3.2162,-7.8899,51.1927,-2.228,277,0.2238,0.6283,-3.3301,2.8622,0.6228,0,0.0,0.0,0.6766,0,0.0,0.0,False
reference,totals|A|kmulti_minus_success_total,prior_week,557,0.2145,0.586,-3.4367,-7.8509,51.1927,-2.2453,277,0.2022,0.5698,-3.4294,-1.9338,0.6039,0,0.0,0.0,0.586,0,0.0,0.0,False
reference,totals|B|kmulti_minus_success_total,prior_week,557,0.2935,0.8091,-2.8927,-7.6398,54.1284,3.2597,277,-0.0469,-0.1464,-4.6874,-9.5413,0.9331,0,0.0,0.0,0.8091,0,0.0,0.0,False
reference,totals|A|kmulti_minus_tempo_total,prior_week,557,0.2361,0.6502,-3.2694,-7.5442,50.2752,-3.9255,277,0.1949,0.545,-3.4956,0.8231,0.6369,0,0.0,0.0,0.6502,0,0.0,0.0,False
reference,totals|B|kmulti_minus_tempo_total,prior_week,557,0.3474,0.9689,-2.6032,-5.6001,53.211,1.5483,277,-0.0686,-0.2022,-4.7798,-10.9287,1.1367,0,0.0,0.0,0.9689,0,0.0,0.0,False
reference,totals|A|kmulti_minus_turnover_total,prior_week,557,0.2397,0.6583,-3.2557,-7.4271,50.8257,-2.8856,277,0.2202,0.6157,-3.3787,0.1278,0.5958,0,0.0,0.0,0.6583,0,0.0,0.0,False
reference,totals|A|kmulti_rush_epa_total,prior_week,557,0.0996,0.2741,-4.0156,-10.6039,50.6422,-3.3015,277,0.0361,0.1097,-4.2336,-1.2828,0.1989,0,0.0,0.0,0.2741,0,0.0,0.0,False
reference,totals|A|kmulti_success_total,prior_week,557,0.2648,0.7399,-3.1079,-7.127,48.9908,-6.3852,277,0.0217,0.068,-4.2426,6.3105,0.917,0,0.0,0.0,0.7399,0,0.0,0.0,False
reference,totals|A|kmulti_turnover_total,prior_week,557,0.1158,0.3191,-3.8743,-10.9938,51.0092,-2.5817,277,0.0397,0.1161,-4.2113,-5.4399,0.2442,0,0.0,0.0,0.3191,0,0.0,0.0,False
reference,totals|A|market_anchor,opener,557,0.132,0.3577,-3.765,-10.314,51.1927,-2.2097,277,0.0397,0.1275,-4.1851,-4.7379,0.2669,0,0.0,0.0,0.3577,0,0.0,0.0,False
reference,totals|B|market_anchor,opener,0,,,,,,,0,,,,,,0,0.0,0.0,,0,0.0,0.0,False
reference,totals|C|market_anchor,opener,0,,,,,,,0,,,,,,0,0.0,0.0,,0,0.0,0.0,False
reference,totals|A|market_regression,opener,557,0.132,0.3577,-3.765,-10.314,51.1927,-2.2097,277,0.0397,0.1275,-4.1851,-4.7379,0.2669,0,0.0,0.0,0.3577,0,0.0,0.0,False
reference,totals|B|market_regression,opener,0,,,,,,,0,,,,,,0,0.0,0.0,,0,0.0,0.0,False
reference,totals|C|market_regression,opener,0,,,,,,,0,,,,,,0,0.0,0.0,,0,0.0,0.0,False
reference,totals|A|sim_total,prior_week,557,0.1391,0.3845,-3.7109,-9.1402,49.5413,-5.3307,277,0.0361,0.1109,-4.192,-1.984,0.2348,0,0.0,0.0,0.3845,0,0.0,0.0,False
reference,totals|A|weather_total,in_week,557,0.1391,0.3815,-3.6543,-9.3833,50.2752,-3.9192,277,0.0975,0.2765,-3.9525,-6.1132,0.2733,0,0.0,0.0,0.3815,0,0.0,0.0,False
reference,totals|B|weather_total,in_week,557,0.2217,0.6239,-3.2286,-7.8294,51.9266,-0.8429,277,0.0505,0.1615,-3.9817,-7.4738,0.7492,0,0.0,0.0,0.6239,0,0.0,0.0,False
reference,totals|A|wired_W11_total,prior_week,557,0.0619,0.1661,-4.1798,-10.326,49.5413,-5.303,277,0.0469,0.1476,-4.1257,-4.0398,0.0943,0,0.0,0.0,0.1661,0,0.0,0.0,False
reference,totals|A|wired_W1_total,prior_week,204,0.1569,0.4515,-3.5684,-4.8035,49.2462,-5.8465,203,-0.0714,-0.1869,-4.8091,-3.918,,0,0.0,0.0,0.4515,0,0.0,0.0,False
reference,totals|C|wired_W1_total,prior_week,204,0.0833,0.2655,-3.9433,-5.3812,46.2312,-11.5161,203,0.1256,0.3726,-3.6902,-5.8329,,0,0.0,0.0,0.2655,0,0.0,0.0,False
reference,totals|A|wired_W2_total,prior_week,557,0.1715,0.4706,-3.6144,-8.0622,54.3119,3.587,277,-0.065,-0.1747,-4.8476,-6.0982,0.5786,0,0.0,0.0,0.4706,0,0.0,0.0,False
reference,totals|A|wired_W3_total,prior_week,557,0.1212,0.3373,-3.8502,-9.4038,50.4587,-3.5892,277,0.065,0.1925,-4.0353,-3.3565,0.1688,0,0.0,0.0,0.3373,0,0.0,0.0,False
reference,totals|A|wired_W4_total,prior_week,260,0.1846,0.5298,-3.4019,-7.0672,45.8498,-12.1752,258,0.0329,0.0838,-4.2966,1.5472,,0,0.0,0.0,0.5298,0,0.0,0.0,False
reference,totals|A|wired_W5_total,in_week,557,0.1068,0.2866,-3.958,-9.8945,50.0917,-4.3072,277,0.0758,0.2264,-4.0706,-1.2888,0.3783,0,0.0,0.0,0.2866,0,0.0,0.0,False
reference,totals|A|wired_W6_total,in_week,557,0.1122,0.3117,-3.8736,-10.8125,52.1101,-0.5427,277,0.0397,0.1275,-4.1851,-4.7379,0.0675,0,0.0,0.0,0.3117,0,0.0,0.0,False
reference,totals|A|wired_W8_total,prior_week,204,0.0882,0.2575,-3.8538,-5.2211,51.2563,-2.1031,203,0.0025,0.0195,-4.4216,-5.7948,,0,0.0,0.0,0.2575,0,0.0,0.0,False
reference,totals|C|wired_W8_total,prior_week,204,0.201,0.6102,-3.2933,-5.6443,49.2462,-5.9051,203,0.1256,0.3794,-3.6124,-9.5946,,0,0.0,0.0,0.6102,0,0.0,0.0,False
reference,totals|A|wired_W9_total,prior_week,557,0.202,0.5722,-3.332,-6.3297,50.8257,-2.9145,277,-0.0722,-0.2136,-4.8103,-0.5937,0.4666,0,0.0,0.0,0.5722,0,0.0,0.0,False
reference,totals|G|pool,prior_week,557,0.2181,0.6018,-3.3692,-7.292,49.3578,-5.6964,277,0.065,0.1947,-4.0325,-2.6642,0.6156,0,0.0,0.0,0.6018,0,0.0,0.0,False
best_book,spreads|B|market_anchor,opener,0,,,,,,,0,,,,,,0,0.0,0.0,,0,0.0,0.0,False
best_book,spreads|C|market_anchor,opener,0,,,,,,,0,,,,,,0,0.0,0.0,,0,0.0,0.0,False
best_book,totals|B|market_anchor,opener,0,,,,,,,0,,,,,,0,0.0,0.0,,0,0.0,0.0,False
best_book,totals|C|market_anchor,opener,0,,,,,,,0,,,,,,0,0.0,0.0,,0,0.0,0.0,False
best_book,totals|B|market_regression,opener,0,,,,,,,0,,,,,,0,0.0,0.0,,0,0.0,0.0,False
best_book,totals|C|market_regression,opener,0,,,,,,,0,,,,,,0,0.0,0.0,,0,0.0,0.0,False
reference,totals|A|wired_W10_total,prior_week,557,0.1032,0.2884,-3.9255,-10.0636,48.6239,-7.0304,277,0.065,0.199,-4.0456,-2.6703,0.1232,1,-0.008,0.1084,0.2884,0,0.0,0.0,False
best_book,totals|A|kalman_total,prior_week,557,0.816,2.2134,0.166,0.3398,53.5649,2.594,277,0.6408,1.8085,-1.4049,-2.0644,2.3356,118,0.0644,12.464,2.2134,53,-0.0769,0.4984,False
best_book,totals|A|kmulti_k2_total,prior_week,557,0.816,2.2134,0.166,0.3398,53.5649,2.594,277,0.6408,1.8085,-1.4049,-2.0644,2.3356,118,0.0644,12.464,2.2134,53,-0.0769,0.4984,False
best_book,spreads|B|epa_net,prior_week,554,0.5514,2.0509,-0.431,-0.9532,50.7435,-2.9674,271,0.9465,3.3511,1.3747,0.9488,2.1044,103,-1.2258,-11.3141,2.0509,46,1.213,2.466,False
best_book,totals|A|wired_W10_total,prior_week,557,0.7648,2.0757,-0.1922,-0.4309,51.5539,-1.2741,277,0.509,1.429,-2.296,-2.1049,2.1146,104,-0.0081,3.4071,2.0757,37,-0.0135,0.8219,False
reference,totals|A|kmulti_minus_drive_scoring_total,prior_week,557,0.2576,0.7131,-3.1455,-7.262,50.8257,-2.922,277,0.2166,0.6118,-3.3034,-3.3439,0.6639,1,-0.0277,0.3665,0.7131,0,0.0,0.0,False
reference,totals|A|kmulti_drive_scoring_total,prior_week,557,0.1409,0.3693,-3.7785,-9.2846,49.5413,-5.2804,277,-0.0505,-0.1461,-4.6492,-7.4796,0.2448,1,-0.0365,0.371,0.3693,0,0.0,0.0,False
best_book,totals|A|market_anchor,opener,557,0.8088,2.1976,0.043,0.1012,53.5912,2.5698,277,0.4856,1.3669,-2.3817,-4.0952,2.3131,108,0.0372,4.7619,2.1976,54,-0.0737,1.3575,False
best_book,totals|A|market_regression,opener,557,0.8088,2.1976,0.043,0.1012,53.5912,2.5698,277,0.4856,1.3669,-2.3817,-4.0952,2.3131,108,0.0372,4.7619,2.1976,54,-0.0737,1.3575,False
best_book,spreads|C|kalman_score_epa,prior_week,554,0.6074,2.2225,-0.0522,-0.1096,50.5597,-3.1975,271,0.8819,3.1496,0.7521,-0.4225,2.4501,199,-1.3401,-9.2149,2.2225,60,1.303,-0.5645,False
best_book,spreads|C|blend,mixed,554,0.574,2.1282,-0.309,-0.7359,51.0242,-2.3966,271,0.9299,3.3083,1.2696,0.576,2.2246,118,-1.3553,-9.9521,2.1282,47,1.3167,3.026,False
reference,totals|A|kalman_total,prior_week,557,0.1481,0.408,-3.6266,-8.0142,50.6422,-3.2322,277,0.1949,0.5498,-3.3211,-2.6359,0.3077,1,-0.0395,0.401,0.408,0,0.0,0.0,False
reference,totals|A|kmulti_k2_total,prior_week,557,0.1481,0.408,-3.6266,-8.0142,50.6422,-3.2322,277,0.1949,0.5498,-3.3211,-2.6359,0.3077,1,-0.0395,0.401,0.408,0,0.0,0.0,False
best_book,totals|A|wired_W5_total,in_week,557,0.7585,2.047,-0.2649,-0.5685,52.4862,0.5056,277,0.5307,1.4951,-2.2832,-0.4505,2.3221,102,-0.0236,8.4907,2.047,36,-0.0179,1.2254,False
reference,totals|B|kmulti_minus_drive_scoring_total,prior_week,557,0.3923,1.1057,-2.3547,-5.4503,53.578,2.2417,277,-0.0217,-0.0691,-4.541,-8.1779,1.3417,2,-0.0487,0.7112,1.1057,0,0.0,0.0,False
reference,totals|B|kmulti_minus_turnover_total,prior_week,557,0.3725,1.0449,-2.4634,-5.6143,53.7615,2.5836,277,-0.0289,-0.0913,-4.5497,-10.9226,1.2255,1,-0.0489,0.6345,1.0449,0,0.0,0.0,False
best_book,spreads|A|pressure_response,prior_week,554,0.4116,1.5417,-1.1569,-2.1798,46.5677,-10.4425,271,0.5203,1.926,-2.0629,-3.3229,1.4852,89,-0.6688,-7.836,1.5417,39,0.6171,2.9864,False
reference,totals|A|dynamic_state,prior_week,557,0.211,0.5789,-3.2691,-7.0568,53.7615,2.6007,277,0.213,0.6097,-3.1944,-2.642,0.5583,2,-0.0519,0.5255,0.5789,0,0.0,0.0,False
best_book,totals|A|sim_total,prior_week,557,0.8169,2.2097,-0.0186,-0.0396,52.5641,0.4862,277,0.4765,1.3319,-2.4458,-1.8317,2.2905,110,0.0114,5.6528,2.2097,52,-0.0653,0.1444,False
reference,spreads|tier|sim_lean_over_sd_top25,prior_week,142,0.0845,0.2822,-4.1574,-3.3833,46.7153,-10.5148,108,-0.3981,-1.3628,-6.7916,-23.148,1.9232,3,-0.0544,0.3081,0.2822,0,0.0,0.0,False
reference,spreads|B|wired_W4,prior_week,260,0.0135,0.0021,-4.7374,-6.7497,51.1905,-2.1503,252,0.123,0.4259,-3.2379,-7.3995,,0,0.0,0.0,0.0021,1,-0.0571,1.153,False
reference,spreads|C|wired_W4,prior_week,260,0.0135,0.0021,-4.7374,-6.7497,51.1905,-2.1503,252,0.2143,0.7721,-2.3968,-2.9115,,0,0.0,0.0,0.0021,1,-0.0571,1.153,False
best_book,spreads|A|wired_W2,prior_week,554,0.5487,2.0386,-0.5216,-1.0653,53.0612,1.4725,271,0.8339,2.9303,-0.2681,-12.035,2.1692,113,-1.0328,0.4437,2.0386,38,0.9725,-4.1894,False
reference,totals|B|kmulti_drive_scoring_total,prior_week,557,0.1302,0.3493,-3.6518,-9.0055,53.0275,1.267,277,-0.148,-0.4247,-5.249,-7.4766,0.7466,1,-0.0609,0.6105,0.3493,0,0.0,0.0,False
best_book,totals|A|kmulti_drive_scoring_total,prior_week,557,0.8187,2.209,-0.0637,-0.1278,52.7372,0.8395,277,0.3827,1.0687,-2.858,-6.6351,2.3424,119,0.0532,7.6096,2.209,53,-0.1145,-1.2219,False
reference,totals|C|wired_W9_total,prior_week,557,0.2487,0.7159,-2.9779,-7.4223,51.7431,-1.1788,277,0.0903,0.2559,-3.9257,-8.217,0.8479,2,-0.0613,0.1769,0.7159,0,0.0,0.0,False
best_book,totals|A|wired_W8_total,prior_week,204,0.6275,1.7749,-0.4941,-0.74,53.2995,2.2641,203,0.4803,1.353,-2.426,-5.8264,,0,0.0,0.0,1.7749,19,-0.0662,-0.0293,False
best_book,totals|A|wired_W11_total,prior_week,557,0.7397,2.0,-0.3718,-0.8088,52.2936,0.1453,277,0.5018,1.4134,-2.3146,-3.831,2.1226,100,-0.0586,4.0465,2.0,38,-0.0107,1.1376,False
best_book,totals|C|wired_W4_total,prior_week,260,0.8038,2.3101,0.1569,0.2856,49.2126,-5.5552,258,0.7791,2.2046,-1.4061,-3.6075,,0,0.0,0.0,2.3101,40,-0.0764,0.5482,False
reference,totals|C|wired_W3_total,prior_week,557,0.202,0.6017,-3.2637,-7.8625,52.6606,0.5412,277,0.1336,0.3993,-3.6766,-7.5233,0.6227,3,-0.0825,0.5378,0.6017,1,-0.0018,0.0256,False
reference,totals|C|kmulti_tempo_total,prior_week,557,0.2397,0.6874,-3.069,-8.0344,52.844,0.844,277,0.0397,0.1185,-4.2696,-11.0108,0.6891,3,-0.0864,0.5656,0.6874,0,0.0,0.0,False
reference,totals|C|kmulti_drives_total,prior_week,557,0.2271,0.6517,-3.1461,-8.1904,52.4771,0.158,277,0.0217,0.0644,-4.3702,-11.7,0.6944,3,-0.0867,0.5678,0.6517,0,0.0,0.0,False
reference,totals|C|kmulti_drive_scoring_total,prior_week,557,0.254,0.7367,-2.9102,-6.5927,53.3945,1.9391,277,0.1769,0.5059,-3.6514,-6.7863,0.7695,3,-0.0912,0.5992,0.7367,0,0.0,0.0,False
reference,totals|C|wired_W13_total,prior_week,557,0.2235,0.6529,-3.1718,-7.6563,49.9083,-4.6053,277,0.1661,0.4808,-3.4505,-6.1089,0.7707,3,-0.0913,0.5998,0.6529,0,0.0,0.0,False
reference,totals|C|wired_W4_total,prior_week,260,0.1115,0.35,-3.9688,-7.792,46.6403,-10.7379,258,0.1453,0.4115,-3.6734,-5.1659,,0,0.0,0.0,0.35,1,-0.0924,-0.8386,False
reference,totals|C|sim_total,prior_week,557,0.1804,0.5385,-3.4119,-8.3178,50.8257,-2.8854,277,0.1552,0.4366,-3.8032,-3.3726,0.7915,3,-0.0925,0.6085,0.5385,0,0.0,0.0,False
reference,totals|A|pace_total,prior_week,557,0.1786,0.5096,-3.4323,-7.7011,53.3945,1.8399,277,0.083,0.2508,-3.9248,-3.3626,0.4124,1,-0.0961,1.0833,0.5096,0,0.0,0.0,False
reference,totals|C|wired_W2_total,prior_week,557,0.2235,0.668,-3.1219,-7.1517,52.6606,0.5607,277,0.13,0.3647,-3.8574,-7.5127,0.8539,3,-0.0963,0.6346,0.668,0,0.0,0.0,False
reference,totals|C|wired_W7_total,prior_week,557,0.254,0.7411,-2.9667,-6.4281,52.2936,-0.1217,277,0.2058,0.5749,-3.2977,-4.727,0.8758,3,-0.0976,0.6437,0.7411,0,0.0,0.0,False
best_book,spreads|C|kalman_score,prior_week,554,0.5758,2.1153,-0.2615,-0.5427,50.4673,-3.3812,271,0.8911,3.1896,0.8922,-1.2541,2.328,125,-1.3299,-8.9646,2.1153,44,1.2302,-0.666,False
best_book,spreads|C|kmulti_k1,prior_week,554,0.5758,2.1153,-0.2615,-0.5427,50.4673,-3.3812,271,0.8911,3.1896,0.8922,-1.2541,2.328,125,-1.3299,-8.9646,2.1153,44,1.2302,-0.666,False
best_book,totals|A|wired_W3_total,prior_week,557,0.7783,2.1084,-0.1674,-0.3656,53.0275,1.5085,277,0.5054,1.4224,-2.2318,-2.4123,2.1582,105,-0.0516,3.9201,2.1084,37,-0.0495,1.7522,False
best_book,totals|A|kmulti_minus_field_position_total,prior_week,557,0.8806,2.3873,0.2926,0.5805,51.7367,-1.0315,277,0.574,1.6278,-1.9184,-3.8691,2.6428,255,0.0288,3.023,2.3873,220,-0.1302,0.2522,False
best_book,spreads|C|dynamic_state,prior_week,554,0.5903,2.1683,-0.2011,-0.4301,51.5829,-1.3175,271,0.8948,3.1906,0.9747,-0.4963,2.325,121,-1.4568,-6.0379,2.1683,58,1.3548,0.9998,False
reference,spreads|tier|stack_magnitude_top25,prior_week,130,0.4423,1.579,-1.7088,-1.6258,51.5873,-1.2268,76,0.4276,1.5589,-1.4095,-3.2989,1.5798,0,0.0,0.0,1.579,1,-0.1022,1.9056,False
best_book,spreads|A|kmulti_success,prior_week,554,0.5199,1.9078,-0.6746,-1.7025,50.5576,-3.151,271,0.7011,2.529,-0.5988,-0.5528,2.0366,102,-1.118,-3.2086,1.9078,40,1.0153,-0.8946,False
best_book,totals|A|wired_W1_total,prior_week,204,0.7034,1.9868,-0.1674,-0.2396,51.269,-1.4999,203,0.4187,1.1779,-2.7247,-3.4977,,0,0.0,0.0,1.9868,28,-0.1049,0.0351,False
reference,totals|B|pace_total,prior_week,557,0.2361,0.669,-3.1145,-6.9376,53.945,2.8805,277,0.0072,0.0262,-4.2262,-3.3506,0.6868,1,-0.1086,1.2143,0.669,0,0.0,0.0,False
best_book,spreads|D|pool,prior_week,554,0.6336,2.3244,0.1337,0.2886,51.4925,-1.3326,271,0.7122,2.6665,-0.3607,-3.8943,2.3868,185,-0.73,-3.8967,2.3244,64,0.6209,2.5536,False
reference,spreads|A|wired_W13,prior_week,554,0.0144,0.0435,-4.5425,-8.8059,47.9401,-8.1319,271,0.0277,0.1153,-4.2054,-16.6983,-0.1394,2,-0.1108,0.2035,0.0435,0,0.0,0.0,False
best_book,totals|C|kmulti_minus_k2_total,prior_week,557,0.8887,2.4353,0.5977,1.2903,54.9632,5.1224,277,0.7816,2.2181,-1.3824,-2.6144,2.7072,259,-0.2663,10.2513,2.4353,198,0.1551,1.8617,False
best_book,totals|A|weather_total,in_week,557,0.7944,2.1544,0.0335,0.0784,53.1136,1.6882,277,0.5957,1.6792,-1.9466,-4.2381,2.261,109,0.0118,4.6509,2.1544,54,-0.1241,0.8551,False
reference,totals|B|wired_W10_total,prior_week,557,-0.1876,-0.5537,-5.6363,-15.0097,50.8257,-2.945,277,-0.1155,-0.3406,-5.0855,-4.7198,-0.7692,0,0.0,0.0,-0.5537,1,-0.1139,1.3447,False
reference,totals|B|wired_W13_total,prior_week,557,-0.1804,-0.5234,-5.5606,-13.4819,48.0734,-8.0484,277,-0.1264,-0.3699,-5.1534,-4.0306,-0.7087,0,0.0,0.0,-0.5234,1,-0.1153,1.3592,False
reference,totals|B|wired_W7_total,prior_week,557,-0.1715,-0.5046,-5.5387,-13.6232,46.6055,-10.801,277,-0.1264,-0.3699,-5.1534,-4.0306,-0.9464,0,0.0,0.0,-0.5046,1,-0.1161,1.3682,False
reference,totals|B|wired_W11_total,prior_week,557,-0.1679,-0.4865,-5.569,-14.2136,47.3394,-9.4656,277,-0.1264,-0.3699,-5.1534,-4.0306,-0.6351,0,0.0,0.0,-0.4865,1,-0.1169,1.3768,False
reference,totals|baseline|always_over,prior_week,557,-0.1589,-0.4803,-5.523,-13.2003,48.4404,-7.4038,277,-0.1264,-0.3699,-5.1534,-4.0306,-0.6227,0,0.0,0.0,-0.4803,1,-0.1172,1.3798,False
reference,totals|B|wired_W2_total,prior_week,557,-0.1571,-0.4613,-5.4576,-13.1936,46.9725,-10.1232,277,-0.1264,-0.3699,-5.1534,-4.0306,-0.7533,0,0.0,0.0,-0.4613,1,-0.118,1.3888,False
best_book,totals|A|kmulti_minus_turnover_total,prior_week,557,0.912,2.478,0.391,0.7881,53.6765,2.5656,277,0.657,1.8514,-1.7673,0.4749,2.6764,252,0.1417,9.3505,2.478,212,-0.2611,4.9607,False
reference,totals|C|weather_total,in_week,557,0.2917,0.8455,-2.8616,-8.0991,53.578,2.2105,277,0.1444,0.4212,-3.6611,-10.9725,0.9713,1,-0.1217,1.3501,0.8455,0,0.0,0.0,False
reference,totals|C|wired_W10_total,prior_week,557,0.2756,0.8098,-2.893,-7.0259,52.1101,-0.4971,277,0.13,0.369,-3.7754,1.4578,1.3364,4,-0.1221,0.8544,0.8098,0,0.0,0.0,False
best_book,spreads|A|python_unified,prior_week,554,0.4558,1.6817,-1.0862,-2.3478,48.6891,-6.6489,271,0.7657,2.676,-0.6995,0.633,1.42,61,-0.8883,-1.3232,1.6817,40,0.7641,3.6373,False
reference,totals|B|wired_W6_total,in_week,557,-0.1014,-0.3194,-5.186,-12.0914,48.0734,-8.086,277,-0.1227,-0.3618,-5.1364,-4.7198,-0.6227,0,0.0,0.0,-0.3194,1,-0.1243,1.4566,False
best_book,totals|B|kmulti_rush_epa_total,prior_week,557,0.7648,2.0681,-0.151,-0.3544,55.9415,7.0204,277,0.3538,0.9868,-2.8112,-1.5936,2.1669,113,0.1855,4.8956,2.0681,36,-0.3109,2.3915,False
reference,totals|B|blend_total,mixed,557,0.3079,0.8698,-2.753,-6.2281,54.6789,4.2866,277,0.1625,0.4714,-3.5158,-5.4151,1.0812,1,-0.1268,1.4025,0.8698,0,0.0,0.0,False
reference,totals|B|wired_W3_total,prior_week,557,-0.0727,-0.2307,-4.9555,-10.2729,47.156,-9.7632,277,-0.1264,-0.3699,-5.1534,-4.0306,-0.6227,0,0.0,0.0,-0.2307,1,-0.1283,1.4989,False
reference,totals|B|wired_W12_total,prior_week,557,-0.0709,-0.2256,-4.9629,-11.0933,48.4404,-7.381,277,-0.0758,-0.2222,-4.8498,4.2429,-0.6227,0,0.0,0.0,-0.2256,1,-0.1285,1.5013,False
best_book,totals|A|kmulti_turnover_total,prior_week,557,0.7953,2.1539,-0.1493,-0.3537,53.8321,2.9006,277,0.5072,1.4275,-2.2919,-4.1156,2.3384,112,-0.0996,7.8536,2.1539,54,-0.03,1.3814,False
best_book,totals|A|wired_W4_total,prior_week,260,0.7827,2.2164,0.1644,0.3363,48.6166,-6.6456,258,0.4884,1.3618,-2.4796,2.4419,,0,0.0,0.0,2.2164,50,-0.1296,2.7154,False
best_book,spreads|A|nfelo_qb_adjustment,third_party_bulk,554,0.4702,1.7347,-0.9832,-2.1607,48.6989,-6.4766,271,0.6292,2.3276,-1.3662,2.994,1.8373,94,-0.991,-11.9524,1.7347,34,0.8612,3.0126,False
reference,totals|B|wired_W5_total,in_week,557,-0.0619,-0.1926,-4.9426,-10.7417,46.9725,-10.1804,277,-0.1264,-0.3699,-5.1534,-4.0306,-0.4687,0,0.0,0.0,-0.1926,1,-0.13,1.5171,False
reference,totals|B|wired_W9_total,prior_week,557,-0.0548,-0.1821,-4.905,-11.4939,47.5229,-9.1019,277,-0.1264,-0.3699,-5.1534,-4.0306,-0.6227,0,0.0,0.0,-0.1821,1,-0.1305,1.5221,False
reference,totals|B|wired_W8_total,prior_week,204,-0.0294,-0.1101,-4.7361,-10.044,52.2613,-0.1865,203,-0.1256,-0.3796,-5.177,-2.9735,,0,0.0,0.0,-0.1101,1,-0.1337,1.5565,False
reference,totals|C|pace_total,prior_week,557,0.1822,0.5327,-3.3878,-9.8931,53.211,1.5648,277,0.1516,0.4376,-3.5743,-7.5556,0.6552,2,-0.1345,1.5659,0.5327,0,0.0,0.0,False
reference,totals|A|blend_total,mixed,557,0.3133,0.891,-2.7088,-6.1546,53.945,2.9156,277,0.1733,0.5059,-3.3186,-6.7924,1.2696,1,-0.1357,1.4924,0.891,0,0.0,0.0,False
reference,spreads|B|market_regression,opener,554,-0.074,-0.2795,-5.2177,-12.9023,48.1273,-7.7875,271,-0.0461,-0.1116,-4.2686,-7.5926,-0.3008,2,-0.0827,0.2119,-0.2795,2,-0.0555,1.0377,False
best_book,totals|C|wired_W3_total,prior_week,557,0.8483,2.4277,0.4783,1.0106,54.2125,3.7018,277,0.7383,2.1013,-1.5049,-6.3683,2.5268,256,0.0773,9.2086,2.4277,196,-0.2195,0.1942,False
reference,totals|C|wired_W5_total,in_week,557,0.2092,0.6033,-3.2687,-8.5405,51.0092,-2.5827,277,0.148,0.4285,-3.5789,-10.9756,0.7285,2,-0.1406,1.6364,0.6033,1,-0.0018,0.0264,False
reference,totals|C|kmulti_turnover_total,prior_week,557,0.2433,0.6987,-3.1321,-7.9327,51.9266,-0.8836,277,0.0975,0.2849,-3.9116,-10.9915,0.7533,2,-0.1426,1.6603,0.6987,0,0.0,0.0,False
reference,totals|B|wired_W1_total,prior_week,204,0.0539,0.1117,-4.2012,-6.9563,55.2764,5.4132,203,-0.1207,-0.3685,-5.1538,-3.914,,0,0.0,0.0,0.1117,1,-0.1438,1.6623,False
reference,totals|A|kmulti_explosive_total,prior_week,557,0.0709,0.1875,-4.1588,-10.5878,50.2752,-3.9833,277,0.0036,0.0129,-4.4398,1.474,0.2434,0,0.0,0.0,0.1875,1,-0.1472,1.6985,False
reference,totals|B|wired_W4_total,prior_week,260,0.0808,0.2016,-3.9373,-6.7284,50.1976,-4.011,258,-0.1143,-0.3299,-5.0908,-5.8524,,0,0.0,0.0,0.2016,1,-0.1479,1.7052,False
best_book,spreads|A|success_rate,prior_week,554,0.5803,2.1335,-0.2837,-0.6392,50.4621,-3.5051,271,0.6199,2.1947,-1.2854,-2.6489,2.2574,113,-0.9793,-11.0398,2.1335,50,0.8299,-1.3547,False
reference,totals|B|kmulti_rush_epa_total,prior_week,557,0.0978,0.2543,-3.8961,-10.2015,53.7615,2.6082,277,-0.0794,-0.237,-4.8565,-1.963,0.165,0,0.0,0.0,0.2543,1,-0.1503,1.7304,False
reference,totals|B|kmulti_field_position_total,prior_week,557,0.105,0.2858,-3.8918,-10.4472,51.3761,-1.8669,277,-0.0361,-0.0913,-4.6459,-1.966,0.2726,0,0.0,0.0,0.2858,1,-0.1517,1.7454,False
reference,spreads|A|rush_eff_matchup,prior_week,554,-0.0054,-0.0475,-4.5049,-9.7376,49.0637,-6.0027,271,-0.0535,-0.1766,-5.1598,-10.5164,-0.1346,2,-0.1117,0.2033,-0.0475,1,-0.0401,0.1296,False
reference,totals|A|kmulti_tempo_total,prior_week,557,0.114,0.3078,-3.9026,-9.1491,50.8257,-2.9222,277,-0.065,-0.1613,-4.7742,-1.969,0.1434,0,0.0,0.0,0.3078,1,-0.1528,1.7559,False
reference,spreads|A|wired_W7,prior_week,554,0.0235,0.0944,-4.4547,-9.4173,49.4382,-5.3609,271,0.0092,0.0497,-4.3812,-11.8272,0.1028,2,-0.1533,0.1907,0.0944,0,0.0,0.0,False
reference,totals|A|kmulti_drives_total,prior_week,557,0.1194,0.3247,-3.9205,-9.396,50.2752,-3.9846,277,-0.0794,-0.2026,-4.8413,-1.2768,0.1172,0,0.0,0.0,0.3247,1,-0.1535,1.764,False
reference,totals|A|wired_W13_total,prior_week,557,0.123,0.3397,-3.8162,-8.7619,50.8257,-2.9351,277,-0.0433,-0.1121,-4.6816,-4.0427,0.1024,0,0.0,0.0,0.3397,1,-0.1542,1.7711,False
reference,totals|B|kmulti_tempo_total,prior_week,557,0.132,0.3581,-3.6678,-8.4651,52.2936,-0.1431,277,-0.0614,-0.1727,-4.739,1.4861,0.3093,0,0.0,0.0,0.3581,1,-0.1551,1.7799,False
reference,totals|B|kmulti_drives_total,prior_week,557,0.1499,0.4056,-3.663,-8.5709,51.5596,-1.5218,277,-0.0686,-0.1967,-4.7638,0.1077,0.2914,0,0.0,0.0,0.4056,1,-0.1573,1.8026,False
reference,totals|C|kmulti_pass_epa_total,prior_week,557,0.3097,0.8861,-2.6803,-6.7914,53.578,2.1896,277,0.1661,0.4775,-3.6642,1.4602,0.9387,2,-0.1582,1.8388,0.8861,0,0.0,0.0,False
best_book,spreads|B|kmulti_minus_drive_scoring,prior_week,554,0.5993,2.2215,-0.1277,-0.2949,50.9294,-2.6317,271,0.8801,3.119,0.9374,0.2727,2.3122,115,-1.3857,-11.7829,2.2215,62,1.2262,1.3203,False
best_book,spreads|A|lineup_roster,in_week,554,0.5054,1.8732,-0.5127,-0.9202,50.0928,-3.8248,271,0.5738,2.1454,-1.7292,2.2485,1.6214,95,-0.9114,-4.5203,1.8732,36,0.749,1.9717,False
reference,totals|B|kmulti_turnover_total,prior_week,557,0.1876,0.5203,-3.4657,-9.5005,52.1101,-0.5083,277,-0.0469,-0.1306,-4.7314,-0.5815,0.6026,0,0.0,0.0,0.5203,1,-0.1626,1.8573,False
best_book,totals|A|wired_W6_total,in_week,557,0.8034,2.1858,-0.01,-0.0239,54.6618,4.5609,277,0.4856,1.3669,-2.3817,-4.0952,2.0955,84,-0.0972,5.7165,2.1858,54,-0.0672,1.3574,False
reference,totals|B|kmulti_explosive_total,prior_week,557,0.0925,0.2346,-4.0296,-10.3617,53.578,2.2258,277,-0.0758,-0.22,-4.7892,-6.0982,0.3293,1,-0.0155,0.2068,0.2346,1,-0.1494,1.721,False
reference,totals|A|wired_W7_total,prior_week,557,0.2074,0.5743,-3.3512,-7.1745,53.578,2.2231,277,0.0,0.0121,-4.4848,-2.6402,0.6115,0,0.0,0.0,0.5743,1,-0.1651,1.8831,False
best_book,totals|B|wired_W12_total,prior_week,557,0.6715,1.8052,-0.7177,-1.5517,51.9196,-0.5384,277,0.3755,1.049,-2.7909,4.8545,1.7869,81,0.0553,2.4294,1.8052,28,-0.2213,2.2408,False
reference,totals|F|pool,prior_week,557,0.2199,0.6229,-3.19,-6.8517,52.844,0.8874,277,-0.0794,-0.2363,-4.8653,-6.7874,0.7153,0,0.0,0.0,0.6229,1,-0.1674,1.9063,False
best_book,totals|A|kmulti_full_total,prior_week,557,0.9031,2.4538,0.3524,0.7132,53.211,1.682,277,0.6245,1.7571,-1.9123,1.1924,2.6723,252,0.0899,8.4704,2.4538,213,-0.2577,5.2612,False
best_book,totals|A|kmulti_minus_drives_total,prior_week,557,0.9031,2.4538,0.3524,0.7132,53.211,1.682,277,0.6245,1.7571,-1.9123,1.1924,2.6723,252,0.0899,8.4704,2.4538,213,-0.2577,5.2612,False
reference,totals|C|blend_total,mixed,557,0.2738,0.7935,-2.9052,-6.8304,52.844,0.8441,277,0.231,0.6614,-3.1371,-8.9177,1.0769,2,-0.1698,1.9719,0.7935,0,0.0,0.0,False
reference,totals|A|kmulti_pass_epa_total,prior_week,557,0.2469,0.6778,-3.1566,-7.0106,50.2752,-3.9696,277,0.0939,0.2602,-3.9574,1.4798,0.6665,0,0.0,0.0,0.6778,1,-0.17,1.9325,False
reference,spreads|A|roster_strength,in_week,554,-0.0054,-0.0243,-4.579,-9.1298,47.191,-9.4808,271,-0.1458,-0.5188,-5.5091,-1.2198,-0.0488,2,-0.1267,0.1988,-0.0243,1,-0.0436,0.1407,False
best_book,totals|C|wired_W8_total,prior_week,204,0.8064,2.3051,0.3756,0.5657,51.2563,-1.6204,203,0.6946,1.979,-1.5476,-8.967,,0,0.0,0.0,2.3051,33,-0.1721,0.2396,False
reference,spreads|A|melo,prior_week,554,-0.0162,-0.0685,-4.9421,-11.0711,47.191,-9.5038,271,0.0793,0.3305,-3.5009,-3.3121,-0.0929,2,-0.119,0.2011,-0.0685,1,-0.0552,1.1193,False
reference,totals|B|kmulti_minus_rush_epa_total,prior_week,557,0.2989,0.8299,-2.8582,-6.6203,52.1101,-0.4621,277,-0.1408,-0.4172,-5.2033,-11.6179,0.8455,0,0.0,0.0,0.8299,1,-0.1772,2.0051,False
reference,spreads|A|wired_W3,prior_week,554,-0.0018,0.0037,-4.59,-9.7064,45.8801,-11.8995,271,-0.1827,-0.6616,-5.5935,0.2633,-0.025,2,-0.1309,0.1975,0.0037,1,-0.0477,0.1541,False
reference,totals|C|kmulti_field_position_total,prior_week,557,0.1625,0.4734,-3.5094,-9.6743,52.4771,0.1728,277,0.1408,0.4066,-3.6879,-6.1511,0.5941,3,-0.0808,0.5257,0.4734,1,-0.0998,-0.9034,False
reference,totals|C|wired_W11_total,prior_week,557,0.1589,0.4803,-3.563,-8.5111,51.5596,-1.5215,277,0.1336,0.3883,-3.7529,-4.0835,0.6227,3,-0.0825,0.5378,0.4803,1,-0.1002,-0.9071,False
reference,totals|C|wired_W12_total,prior_week,557,0.1589,0.4803,-3.563,-8.5111,51.5596,-1.5215,277,0.1552,0.4433,-3.5528,-9.607,0.6227,3,-0.0825,0.5378,0.4803,1,-0.1002,-0.9071,False
reference,totals|C|wired_W6_total,in_week,557,0.1589,0.4803,-3.563,-8.5111,51.5596,-1.5215,277,0.13,0.3773,-3.735,-7.5295,0.6227,3,-0.0825,0.5378,0.4803,1,-0.1002,-0.9071,False
reference,totals|baseline|always_under,prior_week,557,0.1589,0.4803,-3.563,-8.5111,51.5596,-1.5215,277,0.1264,0.3699,-3.7776,-4.7727,0.6227,3,-0.0825,0.5378,0.4803,1,-0.1002,-0.9071,False
best_book,totals|A|kmulti_field_position_total,prior_week,557,0.7684,2.0855,-0.1795,-0.3961,53.211,1.8543,277,0.4152,1.1706,-2.7755,-5.9037,2.1889,111,-0.0646,3.3506,2.0855,34,-0.1223,0.0682,False
best_book,totals|A|kmulti_minus_k2_total,prior_week,557,0.8896,2.4186,0.3215,0.6131,52.5641,0.5031,277,0.6245,1.7547,-1.8048,-1.9233,2.6632,253,0.1298,7.6177,2.4186,216,-0.3173,1.6952,False
reference,spreads|A|wired_W2,prior_week,554,0.0632,0.2355,-4.1934,-8.2946,50.5618,-3.3084,271,0.0461,0.1778,-4.0968,-13.937,0.2867,3,-0.1902,0.1389,0.2355,0,0.0,0.0,False
best_book,totals|A|kmulti_minus_pass_epa_total,prior_week,557,0.8968,2.431,0.3466,0.6437,51.3761,-1.7372,277,0.6354,1.7982,-1.5929,-3.2386,2.7479,253,-0.0092,3.9937,2.431,219,-0.1824,0.2094,False
reference,spreads|A|field_position,prior_week,554,0.0289,0.1061,-4.3841,-10.0501,46.4419,-10.8814,271,-0.1642,-0.5807,-5.5942,-2.5365,-0.0238,2,-0.1311,0.1974,0.1061,1,-0.0629,0.203,False
reference,spreads|A|wired_W4,prior_week,260,0.1481,0.5146,-3.8793,-6.1559,48.4127,-7.492,252,-0.0714,-0.2325,-4.5768,-5.0675,,0,0.0,0.0,0.5146,2,-0.1947,1.8011,False
reference,spreads|A|python_unified,prior_week,554,-0.0054,-0.0485,-4.5687,-10.628,46.6292,-10.4175,271,0.0756,0.2823,-3.9243,-0.4199,-0.2057,2,-0.0993,0.207,-0.0485,2,-0.0957,1.2594,False
reference,totals|C|kmulti_rush_epa_total,prior_week,557,0.1966,0.5702,-3.3081,-8.8882,51.5596,-1.5153,277,0.1408,0.4102,-3.6692,-7.5295,0.7367,3,-0.0892,0.5855,0.5702,2,-0.1064,-0.9438,False
reference,spreads|A|kmulti_rush_epa,prior_week,554,0.0181,0.0417,-4.3455,-9.4936,49.2509,-5.6483,271,-0.0867,-0.2788,-5.0696,-9.0028,0.0515,2,-0.1443,0.1934,0.0417,1,-0.0534,0.1722,False
best_book,spreads|A|wired_W9,prior_week,554,0.5767,2.1489,-0.242,-0.4606,53.4196,2.1296,271,0.6513,2.2972,-0.9478,-7.5813,2.1818,108,-0.6334,-1.6171,2.1489,49,0.434,-2.5157,False
reference,spreads|A|wired_W5,in_week,554,0.0,0.0261,-4.349,-9.5317,47.3783,-9.1713,271,-0.1679,-0.5956,-5.6703,-1.1504,0.0779,2,-0.149,0.192,0.0261,1,-0.051,0.1648,False
reference,spreads|A|recent_form,prior_week,554,-0.0108,-0.0613,-4.6976,-10.1708,51.3109,-1.9356,271,0.1863,0.68,-3.2189,-6.1435,0.0254,1,-0.163,-0.4502,-0.0613,1,-0.0381,0.1231,False
reference,spreads|baseline|always_favorite,prior_week,541,-0.0481,-0.1183,-4.6014,-9.6319,52.975,1.1299,268,0.0485,0.2107,-3.8939,-9.3153,-0.2505,3,-0.1507,-0.0017,-0.1183,1,-0.0539,1.0955,False
best_book,spreads|A|wired_W10,prior_week,554,0.4603,1.7097,-1.0915,-2.2446,51.0055,-2.3853,271,0.6218,2.2455,-1.1326,-5.6099,1.7543,96,-1.0728,-4.8597,1.7097,42,0.8677,1.244,False
best_book,totals|C|wired_W1_total,prior_week,204,0.723,2.072,-0.0741,-0.1097,48.7437,-6.3291,203,0.7315,2.0754,-1.4948,-4.8592,,0,0.0,0.0,2.072,21,-0.2078,0.2921,False
reference,totals|C|kmulti_minus_explosive_total,prior_week,557,0.2325,0.6756,-3.0193,-7.162,51.3761,-1.828,277,0.2202,0.6351,-3.2039,-6.139,0.8648,3,-0.0969,0.6391,0.6756,1,-0.112,-1.0096,False
reference,totals|C|kmulti_minus_turnover_total,prior_week,557,0.272,0.7832,-2.8466,-7.5064,52.6606,0.547,277,0.2166,0.6339,-3.2594,-4.0774,0.7339,3,-0.0891,0.5843,0.7832,2,-0.1264,-0.9551,False
reference,spreads|A|rest_travel,prior_week,554,0.0487,0.1644,-4.1972,-9.6469,46.4419,-10.8068,271,-0.131,-0.4559,-5.2336,-6.0718,0.0572,2,-0.1453,0.1931,0.1644,1,-0.0716,0.2308,False
reference,spreads|A|trenches,prior_week,554,0.0271,0.0741,-4.3005,-9.233,49.6255,-4.9542,271,0.0683,0.245,-3.909,-1.9723,-0.1977,2,-0.1007,0.2066,0.0741,2,-0.1171,1.3772,False
best_book,totals|C|kmulti_drive_scoring_total,prior_week,557,0.9048,2.4872,0.7076,1.4509,55.2294,5.6261,277,0.6552,1.8514,-1.9461,-6.5135,2.658,257,0.2124,10.4752,2.4872,205,-0.4304,0.2245,False
reference,totals|C|kmulti_minus_drives_total,prior_week,557,0.2846,0.8159,-2.7797,-7.1825,52.844,0.8898,277,0.2202,0.642,-3.2409,-3.3882,0.742,3,-0.0895,0.5877,0.8159,2,-0.1295,-0.9568,False
reference,totals|C|kmulti_minus_tempo_total,prior_week,557,0.2846,0.8159,-2.7797,-7.1825,52.844,0.8898,277,0.2202,0.642,-3.2409,-3.3882,0.742,3,-0.0895,0.5877,0.8159,2,-0.1295,-0.9568,False
best_book,totals|C|kmulti_minus_rush_epa_total,prior_week,557,0.9057,2.4826,0.663,1.4908,53.945,3.196,277,0.7744,2.1972,-1.335,-3.9513,2.7512,260,-0.2864,5.4541,2.4826,201,0.067,0.9354,False
reference,totals|C|kmulti_success_total,prior_week,557,0.2792,0.8041,-2.7726,-7.0247,52.4771,0.1994,277,0.1986,0.5804,-3.3228,-4.0812,0.9102,3,-0.0997,0.6581,0.8041,1,-0.1198,-1.077,False
reference,totals|C|dynamic_state,prior_week,557,0.2469,0.7142,-3.0542,-6.9136,50.6422,-3.2053,277,0.3249,0.9253,-2.5868,-3.396,0.8268,4,-0.0997,0.7571,0.7142,2,-0.1199,-0.9514,False
reference,totals|C|kmulti_full_total,prior_week,557,0.2935,0.8396,-2.7359,-7.0122,52.844,0.8898,277,0.2202,0.642,-3.2409,-3.3882,0.742,3,-0.0895,0.5877,0.8396,2,-0.1317,-0.9581,False
reference,spreads|A|turnover_regressed,prior_week,554,-0.0325,-0.1271,-4.8304,-10.2236,50.1873,-3.9354,271,-0.0683,-0.2243,-4.9295,-2.7415,0.0462,2,-0.1434,0.1937,-0.1271,2,-0.082,1.184,False
best_book,totals|A|kmulti_minus_tempo_total,prior_week,557,0.9147,2.4863,0.4129,0.833,53.211,1.6743,277,0.6245,1.7571,-1.9123,1.1924,2.7371,252,0.0825,8.7523,2.4863,213,-0.3093,5.3717,False
reference,spreads|A|wired_W10,prior_week,554,0.0235,0.075,-4.5044,-9.8357,49.0637,-6.1114,271,-0.0424,-0.144,-4.1762,-6.7669,0.1924,2,-0.1691,0.1859,0.075,1,-0.059,1.1878,False
reference,spreads|B|python_unified,prior_week,554,0.056,0.1939,-4.1327,-8.565,49.2509,-5.724,271,0.2454,0.8712,-2.1941,0.1165,0.1826,2,-0.1674,0.1864,0.1939,1,-0.0622,1.2445,False
reference,totals|B|kalman_total,prior_week,557,0.202,0.5747,-3.3569,-7.4609,53.7615,2.6498,277,-0.1408,-0.4066,-5.2294,-4.0306,0.7657,2,-0.0658,0.7241,0.5747,1,-0.1652,1.8833,False
best_book,spreads|C|kmulti_minus_rush_epa,prior_week,554,0.6164,2.2719,-0.1377,-0.2921,50.7435,-2.8776,271,0.8967,3.2042,1.0286,-4.4905,2.5339,203,-1.1715,-6.4745,2.2719,59,0.9399,-1.8646,False
reference,totals|B|kmulti_k2_total,prior_week,557,0.211,0.5919,-3.3,-7.0631,53.211,1.5843,277,-0.1083,-0.3155,-5.0404,-8.1719,0.7713,2,-0.0662,0.7295,0.5919,1,-0.166,1.8915,False
best_book,spreads|A|python_football,prior_week,554,0.4892,1.8093,-0.8021,-1.6362,50.1873,-3.9325,271,0.7546,2.6121,-0.7863,4.6508,1.598,86,-0.8983,-2.5478,1.8093,40,0.6627,5.5124,False
reference,spreads|A|pass_eff_matchup,prior_week,554,0.0415,0.128,-4.419,-9.8321,46.0674,-11.6084,271,0.0129,0.0795,-3.9456,-2.7044,0.2231,3,-0.1754,0.1758,0.128,1,-0.0604,1.2131,False
best_book,totals|A|pace_total,prior_week,557,0.8546,2.3238,0.2563,0.5029,56.1243,7.2188,277,0.5884,1.6594,-1.9856,-2.6417,2.5131,256,-0.0395,9.5872,2.3238,53,-0.1977,0.6,False
reference,totals|B|kmulti_pass_epa_total,prior_week,557,0.2522,0.6965,-3.0366,-6.5152,52.4771,0.1875,277,-0.0794,-0.2406,-4.883,-1.972,0.8615,1,-0.0666,0.6653,0.6965,1,-0.1709,1.9414,False
reference,totals|C|kmulti_minus_drive_scoring_total,prior_week,557,0.3115,0.8887,-2.6163,-6.8332,53.578,2.2702,277,0.1769,0.5304,-3.4648,-2.696,0.9477,3,-0.1019,0.6737,0.8887,2,-0.1364,-0.9607,False
best_book,spreads|C|kmulti_minus_turnover,prior_week,554,0.5957,2.1972,-0.2482,-0.5339,50.5576,-3.2332,271,0.9022,3.2217,1.0204,-6.5117,2.3186,123,-1.1216,-6.9641,2.1972,61,0.8821,-2.0391,False
reference,totals|B|kmulti_minus_explosive_total,prior_week,557,0.2953,0.8177,-2.8644,-6.0767,51.5596,-1.5097,277,-0.0975,-0.295,-5.0089,-10.2305,0.8185,1,-0.0644,0.6448,0.8177,1,-0.1766,1.9993,False
best_book,totals|B|kmulti_drives_total,prior_week,557,0.8052,2.1841,0.031,0.0667,53.7753,2.9113,277,0.3592,1.0052,-2.8527,0.4002,2.3179,113,0.1235,4.1955,2.1841,56,-0.3646,3.543,False
reference,spreads|A|wired_W12,prior_week,554,-0.0181,-0.099,-4.729,-9.5593,48.3146,-7.4021,271,-0.0498,-0.1568,-4.7345,0.8777,-0.0175,1,-0.1548,-0.4277,-0.099,2,-0.0869,1.2109,False
reference,spreads|A|nfelo_rating,third_party_bulk,554,0.2527,0.9191,-3.0102,-7.1589,48.5019,-7.194,271,-0.0867,-0.2796,-4.6453,0.835,1.2236,4,-0.2417,1.2086,0.9191,0,0.0,0.0,False
reference,totals|C|kmulti_explosive_total,prior_week,557,0.2163,0.6283,-3.1549,-8.6805,52.2936,-0.1448,277,0.0975,0.2899,-3.9139,-2.7051,0.6058,2,-0.1304,1.5183,0.6283,2,-0.1118,-0.9469,False
reference,spreads|A|kmulti_drives,prior_week,554,0.0523,0.1639,-4.228,-8.8876,47.7528,-8.441,271,-0.0978,-0.3435,-5.1999,-1.2118,0.2021,2,-0.1708,0.1853,0.1639,1,-0.0715,0.2306,False
best_book,spreads|C|kmulti_minus_pass_epa,prior_week,554,0.5975,2.2049,-0.2086,-0.4451,50.5576,-3.2403,271,0.917,3.2711,1.1005,-7.9086,2.334,123,-1.1293,-7.0761,2.2049,61,0.8866,-2.0819,False
reference,totals|B|kmulti_success_total,prior_week,557,0.2379,0.6562,-3.2006,-6.378,51.3761,-1.8991,277,-0.2202,-0.641,-5.7018,-7.4827,1.0238,1,-0.0746,0.7428,0.6562,1,-0.169,1.9222,False
best_book,spreads|B|drive_eff,prior_week,554,0.5939,2.1905,-0.1392,-0.3208,52.2305,-0.1662,271,0.9446,3.3534,1.3099,0.9037,2.2779,117,-1.2831,-9.4266,2.1905,59,1.0393,1.8243,False
best_book,spreads|C|kmulti_minus_drives,prior_week,554,0.5984,2.2089,-0.1901,-0.4053,50.7435,-2.8895,271,0.8967,3.1994,0.9673,-7.1882,2.3421,123,-1.1333,-7.1349,2.2089,61,0.8889,-2.1043,False
reference,spreads|A|availability,in_week,546,0.0641,0.2501,-3.9416,-8.8603,46.9582,-9.7893,259,0.0695,0.2839,-3.694,1.2109,0.1523,2,-0.1621,0.188,0.2501,1,-0.0843,0.2717,False
reference,spreads|baseline|always_underdog,prior_week,541,0.0481,0.1183,-4.4184,-9.3733,47.025,-9.6633,268,-0.0485,-0.2107,-5.0197,0.669,0.2505,3,-0.1818,0.1598,0.1183,1,-0.0647,0.2088,False
best_book,spreads|C|kmulti_full,prior_week,554,0.6011,2.2186,-0.1824,-0.3815,50.7435,-2.8957,271,0.8967,3.1994,0.9673,-7.1882,2.3616,124,-1.1427,-7.2774,2.2186,61,0.8945,-2.1583,False
best_book,totals|B|wired_W8_total,prior_week,204,0.5221,1.4595,-1.116,-2.0689,54.2289,4.2199,203,0.3005,0.8192,-3.0598,-2.2917,,0,0.0,0.0,1.4595,17,-0.2491,1.6274,False
best_book,totals|C|kmulti_minus_success_total,prior_week,557,0.921,2.5207,0.7198,1.5656,55.4328,5.998,277,0.7545,2.1259,-1.5379,-4.6718,2.654,260,0.0411,10.314,2.5207,198,-0.2937,0.1325,False
reference,totals|C|kmulti_k2_total,prior_week,557,0.2145,0.6254,-3.1677,-7.4757,51.1927,-2.177,277,0.1155,0.3311,-3.8744,-9.6131,0.7399,2,-0.1415,1.6474,0.6254,2,-0.1115,-0.9467,False
reference,totals|B|sim_total,prior_week,557,0.1858,0.5399,-3.3773,-7.8039,54.4954,3.9286,277,-0.1155,-0.3406,-5.1034,-3.3414,0.8156,3,-0.0939,0.6185,0.5399,1,-0.1635,1.8667,False
reference,spreads|A|kmulti_pass_epa,prior_week,554,0.0722,0.2365,-4.2087,-8.56,46.0674,-11.6167,271,0.1199,0.4636,-3.4877,2.2439,0.3055,3,-0.1946,0.1279,0.2365,1,-0.0634,1.2648,False
reference,totals|C|kmulti_minus_k2_total,prior_week,557,0.2451,0.7127,-2.97,-7.1795,53.578,2.2593,277,0.2527,0.7365,-3.1365,-3.3792,0.7691,2,-0.144,1.6755,0.7127,1,-0.1143,-1.0291,False
reference,spreads|A|wired_W6,in_week,554,0.0632,0.2194,-4.0963,-8.8346,47.5655,-8.758,271,-0.1015,-0.3461,-4.8735,-1.9125,0.2493,3,-0.1815,0.1606,0.2194,1,-0.0798,0.2571,False
reference,spreads|B|python_football,prior_week,554,0.0758,0.2634,-3.9663,-7.362,48.5019,-7.0774,271,0.2454,0.8712,-2.1941,0.1165,0.3205,3,-0.1981,0.1192,0.2634,1,-0.0641,1.2777,False
reference,totals|C|kmulti_minus_success_total,prior_week,557,0.2738,0.7819,-2.8886,-6.7347,53.7615,2.5915,277,0.1841,0.5149,-3.5336,-5.4649,0.6804,2,-0.1366,1.5901,0.7819,2,-0.1262,-0.955,False
reference,totals|C|kmulti_minus_field_position_total,prior_week,557,0.2756,0.7897,-2.8241,-6.7129,54.3119,3.6532,277,0.2635,0.7533,-3.1091,-2.69,0.7831,2,-0.1451,1.6889,0.7897,1,-0.1189,-1.0695,False
reference,totals|C|kmulti_minus_rush_epa_total,prior_week,557,0.2433,0.7032,-2.9926,-7.6936,52.1101,-0.4757,277,0.2202,0.642,-3.22,-4.7667,0.794,2,-0.146,1.6994,0.7032,2,-0.1188,-0.9508,False
best_book,totals|B|wired_W4_total,prior_week,260,0.6308,1.7667,-0.5134,-0.8653,52.9644,1.6674,258,0.3333,0.9289,-2.9131,-4.9543,,0,0.0,0.0,1.7667,24,-0.2657,1.7288,False
best_book,spreads|C|kmulti_minus_explosive,prior_week,554,0.6056,2.2257,-0.1632,-0.3397,50.3717,-3.5792,271,0.917,3.2711,1.1005,-7.9086,2.3994,189,-1.1671,-7.6762,2.2257,61,0.8986,-2.1978,False
reference,spreads|A|python_football,prior_week,554,0.0307,0.1019,-4.3001,-9.8083,48.3146,-7.3728,271,0.0498,0.1468,-4.1183,3.771,0.0766,2,-0.1487,0.1921,0.1019,2,-0.122,1.404,False
reference,spreads|A|kmulti_success,prior_week,554,0.1083,0.3594,-3.9075,-8.2105,48.6891,-6.6638,271,0.1162,0.401,-3.4753,-1.9891,0.6316,3,-0.2709,-0.0616,0.3594,0,0.0,0.0,False
reference,totals|C|kmulti_minus_pass_epa_total,prior_week,557,0.3007,0.8532,-2.7344,-6.5558,55.0459,4.9955,277,0.2274,0.6446,-3.3013,-0.6072,0.8465,2,-0.1504,1.75,0.8532,1,-0.1228,-1.1028,False
reference,spreads|A|opp_adjusted,prior_week,554,0.1047,0.3653,-3.9013,-8.1187,47.7528,-8.5039,271,0.0572,0.2285,-3.9641,-8.3512,0.356,3,-0.2064,0.0986,0.3653,1,-0.0669,1.3263,False
best_book,spreads|C|kmulti_minus_tempo,prior_week,554,0.6209,2.2864,-0.0368,-0.0773,51.1152,-2.1916,271,0.893,3.1884,1.0246,-6.4662,2.5302,201,-1.2304,-8.5473,2.2864,60,0.9554,-2.0925,False
reference,spreads|A|epa_neutral,prior_week,554,0.0722,0.2201,-4.1467,-8.9969,49.2509,-5.7562,271,0.0351,0.1213,-3.9832,-4.9197,0.6502,3,-0.2753,-0.0725,0.2201,0,0.0,0.0,False
reference,spreads|A|lineup_roster,in_week,554,0.1137,0.4219,-3.6594,-7.2424,48.5019,-7.0502,271,-0.0166,-0.0502,-4.2758,2.4039,0.1749,2,-0.166,0.1868,0.4219,1,-0.1099,0.3537,False
reference,totals|D|pool,prior_week,557,0.2774,0.8143,-2.8696,-6.5769,51.3761,-1.8417,277,0.3394,0.9686,-2.4653,-1.9858,0.7669,3,-0.091,0.5982,0.8143,2,-0.1853,2.1272,False
best_book,spreads|C|kmulti_minus_field_position,prior_week,554,0.6182,2.275,-0.0647,-0.133,51.1152,-2.1925,271,0.8948,3.1911,0.9299,-7.8926,2.4821,200,-1.1997,-7.6803,2.275,62,0.922,-2.5338,False
best_book,spreads|B|dynamic_state,prior_week,554,0.5812,2.1481,-0.2389,-0.5902,52.0446,-0.535,271,0.8487,3.0318,0.7553,-1.8448,2.2417,113,-1.3696,-9.9968,2.1481,48,1.0897,1.5571,False
reference,spreads|A|early_down_eff,prior_week,554,0.0578,0.1849,-4.1919,-9.7893,51.8727,-0.855,271,-0.0203,-0.0771,-4.3425,-9.7486,0.4073,3,-0.2183,0.0688,0.1849,1,-0.062,1.2402,False
best_book,totals|B|wired_W9_total,prior_week,557,0.6795,1.8328,-0.6842,-1.5104,50.4554,-3.3354,277,0.3105,0.8648,-3.0317,-3.2347,1.7869,85,-0.013,3.2333,1.8328,25,-0.2689,1.3156,False
best_book,totals|B|wired_W7_total,prior_week,557,0.5063,1.4272,-1.4451,-3.478,49.1803,-5.69,277,0.3105,0.8648,-3.0317,-3.2347,1.3213,18,-0.0882,2.3828,1.4272,23,-0.1954,2.0898,False
best_book,totals|baseline|always_under,prior_week,557,0.8465,2.4266,0.4073,0.8254,53.2967,1.9732,277,0.796,2.2624,-1.4874,-3.4691,2.5268,256,-0.2076,5.3313,2.4266,188,-0.0814,1.1453,False
best_book,totals|B|wired_W5_total,in_week,557,0.6616,1.7832,-0.7492,-1.5577,50.0917,-3.957,277,0.3105,0.8648,-3.0317,-3.2347,1.8752,86,-0.0304,4.9804,1.7832,25,-0.2586,1.4115,False
best_book,totals|C|kmulti_field_position_total,prior_week,557,0.877,2.4127,0.4481,1.0066,54.3956,4.0304,277,0.8014,2.2771,-1.3878,-4.8081,2.5878,257,-0.2058,9.217,2.4127,190,-0.0835,0.0743,False
best_book,totals|A|kmulti_explosive_total,prior_week,557,0.7603,2.0472,-0.3602,-0.7811,53.1136,1.5562,277,0.4838,1.3597,-2.5179,1.3167,2.3604,113,-0.017,7.3786,2.0472,36,-0.2724,4.3978,False
best_book,totals|A|wired_W13_total,prior_week,557,0.7846,2.1284,-0.0393,-0.0838,53.3945,2.244,277,0.3664,1.0264,-2.9815,-3.796,2.1152,104,0.0606,5.367,2.1284,32,-0.3527,1.359,False
reference,spreads|A|dynamic_state,prior_week,554,0.0776,0.2593,-4.2202,-9.477,46.6292,-10.611,271,0.1347,0.5213,-3.1635,-10.4915,0.4534,3,-0.2291,0.042,0.2593,1,-0.064,1.2758,False
reference,spreads|A|kmulti_turnover,prior_week,554,0.0199,0.079,-4.4576,-9.9539,48.5019,-7.1219,271,0.0609,0.238,-3.9091,-9.7108,0.1024,1,-0.1777,-0.4906,0.079,2,-0.118,1.382,False
reference,spreads|C|nfelo_rating,third_party_bulk,554,0.1191,0.4307,-3.7319,-7.9968,48.5019,-7.2111,271,-0.0314,-0.0888,-4.0094,-0.4898,0.4473,3,-0.2277,0.0456,0.4307,1,-0.0687,1.3576,False
best_book,totals|C|kmulti_pass_epa_total,prior_week,557,0.9452,2.5934,0.8843,1.9405,55.5351,6.1314,277,0.6643,1.8813,-1.8729,2.6405,2.8813,263,0.1003,11.8769,2.5934,207,-0.3969,2.0808,False
reference,spreads|A|wired_W9,prior_week,554,0.083,0.315,-3.9102,-6.6443,51.4981,-1.5054,271,-0.1347,-0.4317,-4.7917,-9.5894,0.3486,3,-0.2046,0.1029,0.315,1,-0.094,0.3027,False
best_book,spreads|C|kmulti_minus_success,prior_week,554,0.5912,2.1753,-0.1972,-0.4083,51.1152,-2.1867,271,0.8764,3.1232,0.9283,-7.3249,2.333,120,-1.1133,-6.8957,2.1753,63,0.8139,-2.0045,False
best_book,totals|C|wired_W12_total,prior_week,557,0.8465,2.4266,0.4073,0.8254,53.2967,1.9732,277,0.8014,2.2725,-1.3035,-8.2115,2.5268,256,-0.2076,5.3313,2.4266,191,-0.0919,-0.9455,False
reference,spreads|B|early_down_eff,prior_week,554,0.0487,0.1644,-4.3032,-8.3423,48.6891,-6.832,271,0.1531,0.5781,-2.7393,-3.4061,0.373,2,-0.2388,-0.7192,0.1644,1,-0.0614,1.2304,False
best_book,totals|B|blend_total,mixed,557,0.9291,2.5364,0.747,1.5265,56.9853,8.9411,277,0.5903,1.6658,-1.6958,-4.8638,2.8695,262,0.129,15.5503,2.5364,223,-0.43,-3.0083,False
best_book,totals|C|kmulti_k2_total,prior_week,557,0.886,2.4356,0.5462,1.1941,53.211,1.8165,277,0.648,1.8298,-1.9575,-9.3147,2.67,260,-0.1357,4.9126,2.4356,207,-0.1658,-2.0606,False
reference,totals|C|kalman_total,prior_week,557,0.2648,0.7654,-2.9364,-7.4696,51.3761,-1.8436,277,0.2852,0.8166,-2.9561,-1.3366,0.9251,5,-0.1772,1.547,0.7654,2,-0.1247,-0.9541,False
reference,spreads|A|success_rate,prior_week,554,0.1715,0.6135,-3.4844,-7.6679,48.6891,-6.7976,271,-0.0092,-0.0327,-4.3941,-4.1885,0.7724,3,-0.3041,-0.1436,0.6135,0,0.0,0.0,False
best_book,totals|B|wired_W1_total,prior_week,204,0.6201,1.7343,-0.5664,-0.8708,57.2139,9.7478,203,0.3054,0.8318,-3.0338,-3.2321,,0,0.0,0.0,1.7343,19,-0.3048,1.1293,False
reference,totals|E|pool,prior_week,557,0.3348,0.9687,-2.6123,-6.1152,53.7615,2.5603,277,0.361,1.0365,-2.3897,-0.6104,1.0741,3,-0.1097,0.7265,0.9687,2,-0.1979,2.2762,False
reference,spreads|A|series_sustain,prior_week,554,0.1498,0.5348,-3.652,-6.733,49.0637,-6.139,271,0.0498,0.183,-3.9671,-4.1277,0.6501,2,-0.3076,-1.0089,0.5348,0,0.0,0.0,False
best_book,totals|C|kmulti_tempo_total,prior_week,557,0.9138,2.5137,0.6889,1.6364,54.8624,4.8872,277,0.6101,1.728,-2.1284,-10.0255,2.634,260,0.2305,11.3745,2.5137,200,-0.5388,-3.0477,False
best_book,spreads|C|second_half_eff,prior_week,554,0.4684,1.7429,-0.8913,-1.9496,50.3717,-3.5682,271,0.6439,2.278,-0.9699,-0.2849,1.9141,102,-1.1423,-11.4877,1.7429,43,0.8334,3.0185,False
best_book,totals|C|wired_W6_total,in_week,557,0.8465,2.4266,0.4073,0.8254,53.2967,1.9732,277,0.7617,2.1622,-1.4894,-6.0855,2.5268,256,-0.2076,5.3313,2.4266,195,-0.1024,-0.0288,False
reference,totals|B|dynamic_state,prior_week,557,0.2469,0.7117,-3.0426,-5.8956,52.4771,0.27,277,-0.0433,-0.1344,-4.7137,0.1239,1.1563,3,-0.1389,1.7067,0.7117,1,-0.1716,1.9487,False
best_book,totals|C|wired_W11_total,prior_week,557,0.8465,2.4266,0.4073,0.8254,53.2967,1.9732,277,0.7906,2.2454,-1.4828,-2.7738,2.5268,256,-0.2076,5.3313,2.4266,189,-0.1048,0.3818,False
reference,spreads|A|massey,prior_week,554,-0.009,-0.0457,-4.6862,-9.9634,49.2509,-5.6842,271,-0.0646,-0.2109,-4.7639,-1.3295,0.2858,2,-0.2172,-0.628,-0.0457,2,-0.0962,1.2622,False
best_book,spreads|B|market_regression,opener,554,0.4097,1.4992,-1.4554,-3.3865,50.2773,-3.545,271,0.6845,2.4433,-0.7674,-6.6181,1.5255,88,-0.9949,1.8546,1.4992,40,0.6805,3.4387,False
best_book,totals|B|weather_total,in_week,557,0.8537,2.3267,0.3346,0.7138,54.1284,3.593,277,0.4567,1.2953,-2.2713,-7.2256,2.5957,252,-0.0449,6.6548,2.3267,58,-0.2714,-1.1574,False
best_book,totals|A|kmulti_tempo_total,prior_week,557,0.7585,2.0523,-0.2364,-0.4885,53.663,2.705,277,0.3664,1.0428,-3.0161,-1.7765,2.0968,106,0.0059,4.7992,2.0523,36,-0.3233,3.9233,False
reference,spreads|E|pool,prior_week,554,0.1191,0.452,-3.8842,-8.2878,50.1873,-4.0181,271,0.0793,0.2748,-3.9462,-9.8253,0.4246,2,-0.2516,-0.7732,0.452,1,-0.0693,1.3677,False
reference,spreads|D|pool,prior_week,554,0.1264,0.4641,-3.814,-8.5429,49.4382,-5.3864,271,0.1937,0.7353,-3.0509,-5.6811,0.4279,2,-0.2524,-0.7767,0.4641,1,-0.0697,1.3735,False
best_book,totals|C|kmulti_rush_epa_total,prior_week,557,0.9183,2.5326,0.6846,1.5245,53.3945,2.1469,277,0.7653,2.1717,-1.5056,-6.1188,2.7356,261,-0.1167,5.0956,2.5326,193,-0.2054,0.0453,False
best_book,totals|B|pace_total,prior_week,557,0.8824,2.409,0.5116,1.0199,55.9633,6.9825,277,0.4549,1.2753,-2.3253,-3.2159,2.678,259,-0.0653,9.7402,2.409,222,-0.2592,-0.3596,False
reference,spreads|A|explosive_pass,prior_week,554,0.0361,0.1119,-4.5597,-9.1281,44.5693,-14.4409,271,-0.1015,-0.3318,-4.7903,-1.2394,0.2267,2,-0.2026,-0.5661,0.1119,2,-0.1238,1.4137,False
best_book,spreads|E|pool,prior_week,554,0.5875,2.1875,-0.182,-0.4182,52.2388,0.0116,271,0.6273,2.3418,-1.0866,-8.1797,2.1394,113,-0.9543,-1.1561,2.1875,62,0.6272,0.6411,False
reference,spreads|C|drive_eff,prior_week,554,0.074,0.2636,-4.1093,-8.0024,47.5655,-8.9147,271,0.19,0.7445,-2.5158,-2.0076,0.4741,2,-0.2639,-0.825,0.2636,1,-0.0641,1.2778,False
reference,spreads|C|melo,prior_week,554,0.0596,0.2102,-4.1669,-8.7785,50.7491,-2.9832,271,0.2454,0.8712,-2.1678,-1.2955,0.4847,2,-0.2665,-0.836,0.2102,1,-0.0627,1.2523,False
best_book,totals|C|sim_total,prior_week,557,0.9093,2.5075,0.5889,1.168,52.9304,1.2724,277,0.7581,2.1358,-1.6873,-3.291,2.7915,259,-0.2618,3.1508,2.5075,195,-0.0684,-0.0222,False
reference,spreads|A|colley,prior_week,554,0.0181,0.0559,-4.5225,-9.3313,49.4382,-5.3201,271,0.0461,0.1851,-4.0381,-2.0632,0.2829,2,-0.2165,-0.6249,0.0559,2,-0.1139,1.3598,False
reference,spreads|A|pythagorean,prior_week,554,0.0,-0.0102,-4.5967,-10.0724,49.0637,-6.0288,271,-0.0498,-0.1551,-4.7841,-1.3326,0.3297,2,-0.2281,-0.6739,-0.0102,2,-0.1024,1.2963,False
reference,spreads|A|kmulti_tempo,prior_week,554,0.1011,0.347,-3.9876,-9.6359,48.1273,-7.8458,271,-0.0351,-0.1339,-4.5545,-8.9522,0.3604,2,-0.2357,-0.706,0.347,1,-0.0988,0.318,False
best_book,spreads|A|explosive,prior_week,554,0.519,1.9353,-0.5776,-1.0528,49.2565,-5.4163,271,0.5074,1.8937,-2.3359,2.4721,1.8365,103,-0.6037,-9.8986,1.9353,40,0.2692,5.2919,False
best_book,spreads|A|rush_eff_matchup,prior_week,554,0.3818,1.4391,-1.2764,-2.6266,51.2059,-1.87,271,0.6439,2.3036,-1.7928,-8.8967,1.237,42,-0.83,-0.8038,1.4391,41,0.4938,0.9769,False
reference,spreads|C|pass_eff_matchup,prior_week,554,0.1065,0.3785,-3.9037,-7.7585,48.8764,-6.5007,271,0.2306,0.831,-2.3525,-0.6112,0.5084,2,-0.2724,-0.8608,0.3785,1,-0.0673,1.3327,False
best_book,spreads|A|kmulti_qb,prior_week,554,0.4386,1.6311,-1.2776,-2.4849,50.0928,-4.086,271,0.893,3.1096,0.39,-2.73,1.7943,102,-0.7176,-7.8421,1.6311,37,0.3773,-0.9066,False
reference,spreads|C|kmulti_success,prior_week,554,0.1643,0.5862,-3.477,-7.328,49.8127,-4.7709,271,0.2085,0.7696,-2.3803,-3.3613,0.7821,2,-0.3405,-1.1468,0.5862,0,0.0,0.0,False
reference,spreads|A|sim,prior_week,553,0.0235,0.0706,-4.5228,-8.8415,49.1557,-6.0027,271,-0.1679,-0.5726,-5.2535,-11.7355,0.4318,3,-0.2241,0.0546,0.0706,2,-0.1165,1.3739,False
best_book,totals|C|wired_W2_total,prior_week,557,0.8528,2.4417,0.5442,1.1085,54.2125,3.7486,277,0.6137,1.721,-2.1374,-7.567,2.7542,262,-0.1894,5.0931,2.4417,206,-0.1523,0.3315,False
best_book,totals|B|wired_W10_total,prior_week,557,0.4731,1.3378,-1.5989,-4.1887,53.1136,1.7172,277,0.3267,0.9117,-2.9557,-3.93,1.3622,21,-0.1616,4.5762,1.3378,23,-0.1812,2.2591,False
reference,spreads|A|point_diff,prior_week,554,0.0126,0.0425,-4.514,-9.8296,48.6891,-6.7439,271,-0.0277,-0.0735,-4.6542,-2.037,0.3444,2,-0.2317,-0.6893,0.0425,2,-0.1116,1.3469,False
reference,spreads|B|drive_eff,prior_week,554,0.0903,0.3264,-3.9806,-8.3495,50.0,-4.4023,271,0.2528,0.9186,-2.1328,-1.2894,0.5289,2,-0.2775,-0.8823,0.3264,1,-0.0658,1.3078,False
best_book,totals|C|kmulti_drives_total,prior_week,557,0.9075,2.4963,0.6428,1.5162,54.5788,4.3603,277,0.6155,1.7379,-2.1548,-10.7328,2.6585,261,0.1673,11.578,2.4963,197,-0.5107,-2.6527,False
best_book,spreads|C|nfelo_rating,third_party_bulk,554,0.5731,2.1333,-0.1876,-0.4073,50.4638,-3.5075,271,0.6494,2.3139,-0.6886,0.5006,2.0439,103,-0.7052,-7.5376,2.1333,46,0.3616,-1.5579,False
reference,spreads|C|early_down_eff,prior_week,554,0.0903,0.3086,-3.9886,-8.1681,49.8127,-4.7056,271,0.1347,0.5039,-2.8,-3.4206,0.5463,2,-0.2818,-0.9004,0.3086,1,-0.0654,1.2993,False
reference,spreads|C|epa_net,prior_week,554,0.1282,0.4556,-3.7456,-7.6663,49.0637,-6.1619,271,0.1236,0.4785,-3.0957,-3.4438,0.5339,2,-0.2787,-0.8875,0.4556,1,-0.0694,1.3694,False
reference,spreads|C|sim,prior_week,553,0.0778,0.2821,-4.1431,-7.1151,48.5929,-7.1107,271,0.2048,0.7112,-2.448,-1.9467,0.6851,3,-0.2835,-0.0928,0.2821,1,-0.0646,1.2866,False
reference,spreads|B|dynamic_state,prior_week,554,0.0812,0.2915,-4.0213,-8.6226,49.8127,-4.704,271,0.1568,0.5872,-2.7423,-3.4089,0.5522,2,-0.2833,-0.9066,0.2915,1,-0.0649,1.2911,False
best_book,spreads|A|wired_W13,prior_week,554,0.4576,1.714,-1.0958,-2.2082,50.0,-4.186,271,0.7454,2.6434,-0.8453,-14.3906,1.4756,93,-0.9468,2.7402,1.714,35,0.5983,-3.4362,False
reference,spreads|B|epa_net,prior_week,554,0.0939,0.3353,-3.952,-7.6258,48.3146,-7.4908,271,0.2454,0.8712,-2.188,-0.588,0.5515,2,-0.2831,-0.9059,0.3353,1,-0.0661,1.312,False
reference,spreads|C|kmulti_minus_success,prior_week,554,0.1173,0.4163,-3.7836,-7.24,49.0637,-6.0522,271,0.2454,0.9274,-2.3362,-9.0813,0.6743,3,-0.281,-0.0865,0.4163,1,-0.0683,1.3507,False
reference,spreads|A|epa_net,prior_week,554,0.1462,0.5023,-3.6871,-7.7643,47.3783,-9.209,271,-0.0314,-0.084,-4.6139,-6.958,0.8179,2,-0.3495,-1.1841,0.5023,0,0.0,0.0,False
reference,spreads|C|kmulti_minus_turnover,prior_week,554,0.1318,0.4746,-3.7886,-7.3211,48.5019,-7.1453,271,0.2712,1.0215,-2.2955,-8.408,0.6727,3,-0.2806,-0.0855,0.4746,1,-0.0699,1.3785,False
reference,spreads|A|kmulti_drive_scoring,prior_week,554,0.0848,0.2925,-4.0649,-7.7903,46.6292,-10.5349,271,0.1015,0.3971,-3.5823,-10.4394,0.6948,3,-0.2858,-0.0984,0.2925,1,-0.0649,1.2916,False
best_book,totals|B|wired_W2_total,prior_week,557,0.5081,1.4331,-1.4276,-3.2791,49.635,-4.8201,277,0.3105,0.8648,-3.0317,-3.2347,1.4055,18,-0.1546,3.609,1.4331,23,-0.1964,2.0787,False
reference,spreads|C|dynamic_state,prior_week,554,0.1083,0.3759,-3.8974,-7.2888,49.2509,-5.7399,271,0.2306,0.8501,-2.362,-1.9656,0.6912,3,-0.2849,-0.0963,0.3759,1,-0.0672,1.3314,False
reference,spreads|C|kmulti_minus_drives,prior_week,554,0.1354,0.4908,-3.7145,-7.162,48.6891,-6.7897,271,0.2638,0.9901,-2.3708,-9.1124,0.6889,3,-0.2844,-0.095,0.4908,1,-0.0704,1.3862,False
reference,spreads|C|kmulti_minus_pass_epa,prior_week,554,0.1354,0.4908,-3.7279,-7.1942,48.5019,-7.1405,271,0.286,1.0669,-2.2329,-9.8468,0.6889,3,-0.2844,-0.095,0.4908,1,-0.0704,1.3862,False
reference,spreads|C|kalman_score,prior_week,554,0.1047,0.3618,-3.9028,-7.3597,48.1273,-7.827,271,0.2085,0.7829,-2.4538,-2.6469,0.7051,3,-0.2882,-0.1044,0.3618,1,-0.0668,1.3247,False
reference,spreads|C|kmulti_k1,prior_week,554,0.1047,0.3618,-3.9028,-7.3597,48.1273,-7.827,271,0.2085,0.7829,-2.4538,-2.6469,0.7051,3,-0.2882,-0.1044,0.3618,1,-0.0668,1.3247,False
reference,spreads|B|pass_eff_matchup,prior_week,554,0.1029,0.3786,-3.9098,-9.1325,49.0637,-6.1639,271,0.2454,0.8712,-2.188,-0.588,0.5729,2,-0.2884,-0.9283,0.3786,1,-0.0673,1.3327,False
reference,spreads|B|epa_neutral,prior_week,554,0.0975,0.3508,-3.9329,-8.3512,50.7491,-2.9969,271,0.2454,0.8712,-2.188,-0.588,0.578,2,-0.2897,-0.9336,0.3508,1,-0.0665,1.3194,False
best_book,totals|B|wired_W6_total,in_week,557,0.6284,1.6823,-0.9468,-2.0938,51.6484,-1.0385,277,0.3141,0.874,-3.0126,-3.9239,1.7869,91,-0.119,4.454,1.6823,23,-0.2385,1.6064,False
reference,spreads|A|drive_eff,prior_week,554,0.0921,0.3011,-3.9119,-7.8687,47.9401,-8.0556,271,0.0793,0.3078,-3.8504,-7.7143,0.7263,3,-0.2932,-0.1168,0.3011,1,-0.0652,1.2957,False
reference,spreads|B|kmulti_minus_drive_scoring,prior_week,554,0.0975,0.3492,-3.915,-8.2331,48.6891,-6.7932,271,0.19,0.6845,-2.5918,-1.3285,0.5917,2,-0.2931,-0.9479,0.3492,1,-0.0665,1.3187,False
reference,spreads|C|kmulti_minus_drive_scoring,prior_week,554,0.1137,0.4062,-3.9129,-7.7088,49.0637,-6.0921,271,0.2823,1.0507,-2.0691,-9.0962,0.731,3,-0.2943,-0.1195,0.4062,1,-0.068,1.3458,False
reference,spreads|C|kmulti_full,prior_week,554,0.139,0.5062,-3.706,-7.0654,48.6891,-6.803,271,0.2638,0.9901,-2.3708,-9.1124,0.7197,3,-0.2917,-0.113,0.5062,1,-0.0708,1.3936,False
best_book,totals|B|kmulti_tempo_total,prior_week,557,0.789,2.1388,0.0366,0.0784,54.512,4.3024,277,0.361,1.0124,-2.8937,1.7236,2.3383,116,0.0756,4.6917,2.1388,33,-0.4395,2.9711,False
reference,spreads|C|blend,mixed,554,0.1119,0.3999,-3.8976,-7.7384,48.8764,-6.4725,271,0.2675,0.9793,-1.9985,-0.5864,0.6123,2,-0.2982,-0.9695,0.3999,1,-0.0679,1.3429,False
reference,spreads|C|kmulti_minus_explosive,prior_week,554,0.1408,0.5035,-3.7021,-6.9773,48.3146,-7.478,271,0.286,1.0669,-2.2329,-9.8468,0.7454,3,-0.2977,-0.1279,0.5035,1,-0.0707,1.3923,False
reference,spreads|C|kmulti_minus_k1,prior_week,554,0.1264,0.4534,-3.7395,-7.5729,49.6255,-5.0241,271,0.2159,0.8155,-2.5898,-8.3908,0.6284,2,-0.3022,-0.9863,0.4534,1,-0.0694,1.3684,False
best_book,spreads|A|kmulti_explosive,prior_week,554,0.5262,1.9507,-0.5426,-1.0146,47.7695,-8.1856,271,0.5074,1.9072,-2.3251,0.9766,1.9104,103,-0.6218,-11.2577,1.9507,37,0.2481,2.2061,False
reference,spreads|A|kalman_score,prior_week,554,0.1173,0.4009,-3.9594,-8.1573,47.7528,-8.5236,271,0.1052,0.4115,-3.4707,-6.2146,0.7876,3,-0.3077,-0.1525,0.4009,1,-0.0679,1.3433,False
reference,spreads|A|kmulti_k1,prior_week,554,0.1173,0.4009,-3.9594,-8.1573,47.7528,-8.5236,271,0.1052,0.4115,-3.4707,-6.2146,0.7876,3,-0.3077,-0.1525,0.4009,1,-0.0679,1.3433,False
best_book,totals|C|weather_total,in_week,557,0.9524,2.6181,0.8038,1.8535,55.5147,6.1166,277,0.7491,2.1299,-1.4614,-10.0824,2.8469,257,0.029,11.1708,2.6181,196,-0.4076,-1.1966,False
best_book,totals|B|wired_W13_total,prior_week,557,0.5081,1.4391,-1.3825,-2.9003,50.6375,-2.9267,277,0.3105,0.8648,-3.0317,-3.2347,1.5645,39,-0.1816,5.1217,1.4391,23,-0.1973,2.0674,False
reference,spreads|A|kmulti_minus_success,prior_week,554,0.1336,0.4713,-3.7035,-7.6695,48.5019,-7.0381,271,0.1716,0.6589,-3.1959,-13.31,0.807,3,-0.3123,-0.1638,0.4713,1,-0.0699,1.3769,False
best_book,totals|B|wired_W3_total,prior_week,557,0.6679,1.8018,-0.7074,-1.428,50.6399,-2.9445,277,0.3105,0.8648,-3.0317,-3.2347,1.7869,84,-0.1198,3.4099,1.8018,25,-0.2625,1.3756,False
reference,spreads|B|kmulti_pass_epa,prior_week,554,0.1209,0.4451,-3.7821,-8.2556,48.8764,-6.4571,271,0.2454,0.8712,-2.188,-0.588,0.6773,2,-0.3144,-1.0373,0.4451,1,-0.0691,1.3645,False
reference,spreads|C|kalman_score_epa,prior_week,554,0.1354,0.4669,-3.6872,-7.0065,48.1273,-7.812,271,0.2343,0.8753,-2.4245,-1.9519,0.8248,3,-0.3165,-0.1741,0.4669,1,-0.0697,1.3748,False
reference,spreads|B|opp_adjusted,prior_week,554,0.1282,0.4521,-3.7719,-7.1194,49.6255,-5.1082,271,0.2454,0.8712,-2.188,-0.588,0.6909,2,-0.3178,-1.0515,0.4521,1,-0.0693,1.3678,False
reference,spreads|B|kalman_score,prior_week,554,0.1065,0.3817,-3.8577,-8.2306,49.0637,-6.0909,271,0.2454,0.8712,-2.1277,-1.2925,0.7001,2,-0.3201,-1.0611,0.3817,1,-0.0674,1.3341,False
reference,spreads|B|kmulti_k1,prior_week,554,0.1065,0.3817,-3.8577,-8.2306,49.0637,-6.0909,271,0.2454,0.8712,-2.1277,-1.2925,0.7001,2,-0.3201,-1.0611,0.3817,1,-0.0674,1.3341,False
reference,spreads|C|opp_adjusted,prior_week,554,0.1462,0.521,-3.6234,-7.0631,48.6891,-6.847,271,0.1199,0.4617,-3.2347,-6.265,0.6855,2,-0.3164,-1.0459,0.521,1,-0.0712,1.4007,False
best_book,totals|B|wired_W11_total,prior_week,557,0.5359,1.5154,-1.3194,-2.8748,50.5455,-3.1418,277,0.3105,0.8648,-3.0317,-3.2347,1.7077,92,-0.1797,6.043,1.5154,23,-0.2099,1.923,False
reference,spreads|C|kmulti_minus_field_position,prior_week,554,0.1516,0.5464,-3.6277,-6.7853,49.0637,-6.1138,271,0.2638,0.9901,-2.394,-9.82,0.8314,3,-0.318,-0.178,0.5464,1,-0.0719,1.4128,False
reference,spreads|C|wired_W9,prior_week,554,-0.0307,-0.1188,-4.7176,-10.3873,49.8127,-4.6517,271,0.2454,0.8712,-2.188,-0.588,-0.317,3,-0.3443,-1.1756,-0.1188,1,-0.0539,1.0953,False
reference,spreads|C|kmulti_minus_qb,prior_week,554,0.1426,0.5237,-3.7225,-6.7211,48.5019,-7.1815,271,0.2601,0.9768,-2.3707,-8.4049,0.8782,3,-0.3291,-0.2053,0.5237,1,-0.0713,1.402,False
best_book,totals|B|sim_total,prior_week,557,0.8591,2.358,0.355,0.711,56.6728,8.3259,277,0.3213,0.8946,-2.9806,-2.5455,2.7019,260,0.0824,8.1569,2.358,57,-0.4846,0.7925,False
reference,spreads|C|kmulti_minus_tempo,prior_week,554,0.1606,0.5812,-3.562,-6.8093,49.0637,-6.1179,271,0.2601,0.9847,-2.2905,-8.3795,0.8865,3,-0.3311,-0.2102,0.5812,1,-0.0729,1.4294,False
reference,spreads|A|kalman_score_epa,prior_week,554,0.1968,0.7013,-3.4292,-7.2881,47.7528,-8.5308,271,0.2085,0.797,-3.0401,-6.3188,0.8759,3,-0.3286,-0.2039,0.7013,1,-0.0763,1.4867,False
best_book,totals|B|kmulti_field_position_total,prior_week,557,0.7855,2.1312,-0.1032,-0.2448,53.5912,2.5284,277,0.4007,1.1338,-2.8138,-1.7436,2.3342,98,-0.0046,3.6293,2.1312,37,-0.4024,3.2771,False
reference,spreads|C|kmulti_minus_rush_epa,prior_week,554,0.1534,0.5595,-3.7015,-6.8579,48.6891,-6.8345,271,0.2491,0.9435,-2.3511,-6.2915,0.9092,3,-0.3365,-0.2234,0.5595,1,-0.0723,1.419,False
best_book,spreads|A|field_position,prior_week,554,0.4061,1.519,-1.3025,-2.5618,48.3333,-7.1087,271,0.4502,1.6824,-3.2,-2.9631,1.2779,50,-0.8695,-1.6659,1.519,33,0.4603,3.1409,False
reference,spreads|A|second_half_eff,prior_week,554,0.1697,0.5856,-3.4983,-6.8184,46.8165,-10.1992,271,-0.0166,-0.0417,-4.6194,-6.9454,0.7689,2,-0.3373,-1.133,0.5856,1,-0.073,1.4315,False
reference,spreads|A|wired_W11,prior_week,554,0.1209,0.4317,-3.8506,-7.0911,49.2509,-5.8098,271,-0.1753,-0.5931,-5.4503,-8.3674,0.7515,3,-0.2992,-0.1315,0.4317,1,-0.1114,0.3584,False
reference,spreads|C|kmulti_pass_epa,prior_week,554,0.1606,0.5737,-3.4937,-7.49,48.1273,-7.8493,271,0.1974,0.7354,-2.6131,1.4832,0.7828,2,-0.3407,-1.1475,0.5737,1,-0.0727,1.4258,False
best_book,spreads|A|roster_strength,in_week,554,0.3926,1.4634,-1.4077,-2.5588,48.9796,-5.9773,271,0.4668,1.7336,-2.9035,-1.4833,1.3646,59,-0.8311,-2.8909,1.4634,34,0.4161,3.3611,False
best_book,totals|A|kmulti_drives_total,prior_week,557,0.789,2.1334,-0.2271,-0.4894,53.1993,1.681,277,0.352,1.0038,-3.0684,-1.1029,2.1927,112,0.02,5.0536,2.1334,36,-0.4371,3.1767,False
reference,spreads|B|nfelo_rating,third_party_bulk,554,0.1913,0.6741,-3.264,-6.8265,49.4382,-5.4839,271,0.2454,0.8712,-2.188,-0.588,0.9329,3,-0.3421,-0.2372,0.6741,1,-0.0756,1.4737,False
reference,spreads|B|kalman_score_epa,prior_week,554,0.1227,0.4397,-3.7438,-7.7991,49.2509,-5.7627,271,0.2011,0.7292,-2.4312,-1.9969,0.8167,2,-0.3492,-1.1829,0.4397,1,-0.069,1.3619,False
reference,spreads|A|blend,mixed,554,0.1372,0.4965,-3.8328,-6.8293,49.6255,-5.0906,271,0.2417,0.8513,-2.6176,-12.5602,0.812,2,-0.348,-1.178,0.4965,1,-0.0706,1.389,False
best_book,totals|A|wired_W2_total,prior_week,557,0.8303,2.2535,0.1648,0.3394,56.6485,8.4161,277,0.3809,1.0643,-3.0218,-5.9809,2.5721,251,-0.2318,9.5367,2.2535,55,-0.191,-0.1851,False
best_book,totals|baseline|always_over,prior_week,557,0.5817,1.5505,-1.2209,-2.7462,51.7304,-0.9056,277,0.3105,0.8648,-3.0317,-3.2347,1.7869,93,-0.2072,5.6839,1.5505,23,-0.2158,1.8564,False
reference,spreads|A|kmulti_field_position,prior_week,554,0.1065,0.3759,-3.8383,-7.9242,47.0037,-9.8318,271,-0.024,-0.0745,-4.4943,-6.7129,0.5648,3,-0.2552,-0.0227,0.3759,2,-0.1702,1.6675,False
best_book,totals|C|wired_W9_total,prior_week,557,0.9282,2.5572,0.7966,1.7945,53.578,2.476,277,0.6462,1.817,-1.8172,-7.5462,2.8529,264,0.0971,2.2381,2.5572,202,-0.5226,-2.6038,False
best_book,spreads|A|rest_travel,prior_week,554,0.426,1.5847,-1.1168,-2.2504,48.423,-6.8882,271,0.4815,1.7989,-2.7809,-6.3349,1.3781,58,-0.9067,-2.4236,1.5847,33,0.4799,2.7287,False
reference,spreads|G|pool,prior_week,554,0.1968,0.7175,-3.4313,-6.6817,47.9401,-8.2199,271,0.0867,0.3443,-3.6853,-10.4864,0.9684,3,-0.3505,-0.2579,0.7175,1,-0.0768,1.4945,False
reference,spreads|C|kmulti_drive_scoring,prior_week,554,0.1065,0.3864,-3.9569,-6.5602,48.3146,-7.4907,271,0.2159,0.8144,-2.5202,-4.7523,0.8636,2,-0.3609,-1.2318,0.3864,1,-0.0675,1.3364,False
best_book,totals|B|kmulti_minus_rush_epa_total,prior_week,557,0.9497,2.5922,0.7405,1.554,54.0293,3.329,277,0.2906,0.808,-3.138,-11.4751,2.7561,253,0.8353,5.612,2.5922,234,-1.2753,-2.5909,False
reference,spreads|A|situational,prior_week,554,0.1155,0.414,-3.7867,-8.2518,47.0037,-9.8996,271,-0.1863,-0.6419,-5.4781,-1.191,0.7584,2,-0.3346,-1.122,0.414,1,-0.1087,0.3499,False
best_book,spreads|C|sim,prior_week,553,0.5552,2.0575,-0.3839,-0.6856,50.5576,-3.2479,271,0.8856,3.1234,0.9874,-0.4068,2.3645,122,-1.4574,-8.4547,2.0575,45,1.0129,2.3498,False
best_book,totals|F|pool,prior_week,557,0.8725,2.3815,0.465,0.8932,54.2279,3.761,277,0.343,0.9607,-2.805,-6.3289,2.6217,254,0.0266,5.284,2.3815,234,-0.4715,0.7242,False
reference,spreads|filter|composite_all,prior_week,554,0.2112,0.7553,-3.2046,-7.347,47.9401,-8.115,271,-0.0498,-0.155,-4.7732,-10.5161,1.0525,3,-0.3705,-0.307,0.7553,1,-0.0779,1.5125,False
reference,spreads|A|market_anchor,opener,554,0.0036,-0.0166,-4.5535,-9.8677,49.6255,-4.9991,271,0.131,0.456,-3.1432,-7.5792,-0.1119,3,-0.3944,-1.2955,-0.0166,1,-0.0566,1.1441,False
reference,spreads|A|kmulti_full,prior_week,554,0.1841,0.6643,-3.36,-6.2095,48.3146,-7.4172,271,0.2122,0.856,-2.7515,-13.9787,1.0802,3,-0.3771,-0.3232,0.6643,1,-0.0753,1.469,False
reference,spreads|A|kmulti_minus_pass_epa,prior_week,554,0.1841,0.6643,-3.3772,-6.2499,48.3146,-7.4172,271,0.2011,0.8113,-2.8539,-13.2712,1.0802,3,-0.3771,-0.3232,0.6643,1,-0.0753,1.469,False
best_book,totals|A|blend_total,mixed,557,0.9336,2.5545,0.7394,1.5251,56.1468,7.3415,277,0.6516,1.8399,-1.5386,-6.7468,3.0353,260,-0.2345,6.4443,2.5545,208,-0.2193,-0.1571,False
reference,spreads|B|wired_W10,prior_week,554,-0.0018,0.0036,-4.4441,-9.3831,50.0,-4.2809,271,0.2306,0.8179,-2.2895,-0.5256,-0.0713,3,-0.4043,-1.3193,0.0036,1,-0.0571,1.1537,False
best_book,spreads|A|wired_W12,prior_week,554,0.3971,1.4736,-1.4847,-2.8361,50.3731,-3.5341,271,0.631,2.2763,-1.6098,1.0799,1.4566,84,-1.1645,-5.5539,1.4736,37,0.7017,4.7958,False
reference,spreads|A|kmulti_minus_drives,prior_week,554,0.1841,0.6643,-3.3719,-5.9012,48.1273,-7.7696,271,0.2122,0.856,-2.7515,-13.9787,1.1242,3,-0.3876,-0.3489,0.6643,1,-0.0753,1.469,False
reference,spreads|A|kmulti_minus_k1,prior_week,554,0.2238,0.8085,-3.1182,-6.0243,47.7528,-8.4779,271,0.2085,0.8108,-2.8614,-9.691,1.108,3,-0.3837,-0.3394,0.8085,1,-0.0794,1.5379,False
reference,spreads|A|kmulti_minus_field_position,prior_week,554,0.1895,0.6861,-3.3316,-6.0971,48.1273,-7.7696,271,0.2491,0.9879,-2.5179,-12.5698,1.1242,3,-0.3876,-0.3489,0.6861,1,-0.0759,1.4795,False
reference,spreads|A|kmulti_minus_turnover,prior_week,554,0.1931,0.6937,-3.3292,-5.8487,48.5019,-7.0999,271,0.1974,0.7931,-2.8576,-13.9787,1.1242,3,-0.3876,-0.3489,0.6937,1,-0.0761,1.4831,False
reference,spreads|B|field_position,prior_week,554,-0.0271,-0.1031,-4.6106,-10.9122,50.3745,-3.6623,271,0.2454,0.8712,-2.188,-0.588,-0.0495,3,-0.4097,-1.332,-0.1031,1,-0.0543,1.1028,False
best_book,totals|C|blend_total,mixed,557,0.9425,2.5883,0.7941,1.7009,54.6789,4.5681,277,0.7942,2.2505,-1.0897,-7.9706,2.9942,261,-0.3687,1.4659,2.5883,198,-0.0962,-1.6186,False
best_book,spreads|tier|kalman_cover_prob_top25,prior_week,104,0.6683,2.4833,0.5507,0.3972,50.9804,-2.1025,40,0.5875,2.0815,-0.0905,9.3714,2.9965,57,-0.7255,-5.5305,2.4833,31,0.258,-1.2258,False
best_book,spreads|A|opp_adjusted,prior_week,554,0.5153,1.9,-0.6348,-1.2439,50.1852,-3.9268,271,0.7196,2.5625,-0.7121,-5.6547,1.7963,102,-1.1935,-4.0526,1.9,43,0.7247,1.2191,False
best_book,totals|A|wired_W7_total,prior_week,557,0.8618,2.3397,0.3809,0.7636,55.8394,6.8696,277,0.4386,1.2357,-2.6405,-2.1604,2.5765,251,-0.0229,9.0313,2.3397,54,-0.4476,2.2217,False
reference,spreads|A|kmulti_minus_explosive,prior_week,554,0.1913,0.6917,-3.3113,-6.0156,47.9401,-8.1064,271,0.1863,0.7484,-2.9599,-13.2712,1.1793,3,-0.4008,-0.3811,0.6917,1,-0.076,1.4821,False
best_book,spreads|A|kmulti_rush_epa,prior_week,554,0.407,1.5083,-1.258,-2.6425,51.2059,-1.9361,271,0.5074,1.9194,-2.3917,-7.9613,1.436,56,-1.007,-1.5982,1.5083,39,0.5272,2.3768,False
reference,spreads|A|kmulti_minus_qb,prior_week,554,0.2058,0.7408,-3.3639,-6.7315,49.4382,-5.439,271,0.2417,0.9188,-2.561,-11.2022,1.1905,3,-0.4034,-0.3876,0.7408,1,-0.0774,1.5056,False
reference,spreads|B|rest_travel,prior_week,554,-0.0181,-0.0699,-4.5509,-10.5336,50.1873,-4.0106,271,0.2454,0.8712,-2.188,-0.588,0.0334,3,-0.43,-1.3806,-0.0699,1,-0.0552,1.1187,False
reference,spreads|filter|composite_both_filters,prior_week,278,0.1799,0.6444,-3.189,-3.846,48.6989,-6.5024,126,0.0833,0.301,-4.2408,-9.7477,1.224,3,-0.4115,-0.4072,0.6444,1,-0.0747,1.4595,False
reference,spreads|B|situational,prior_week,554,0.0217,0.0653,-4.4024,-8.6734,49.0637,-6.1529,271,0.2454,0.8712,-2.188,-0.588,0.0247,3,-0.4279,-1.3755,0.0653,1,-0.0588,1.1831,False
reference,spreads|B|pressure_response,prior_week,554,-0.0108,-0.0396,-4.6382,-11.1727,48.6891,-6.799,271,0.2159,0.7637,-2.4002,-1.9799,0.0471,3,-0.4334,-1.3886,-0.0396,1,-0.056,1.1331,False
reference,spreads|C|wired_W5,in_week,554,0.0235,0.061,-4.4496,-9.2347,50.0,-4.2969,271,0.2454,0.8712,-2.188,-0.588,0.0439,3,-0.4326,-1.3868,0.061,1,-0.0586,1.1811,False
best_book,spreads|C|drive_eff,prior_week,554,0.5361,1.9872,-0.5168,-1.1608,49.5345,-5.1705,271,0.8653,3.1164,0.8396,-0.5297,2.124,110,-1.5935,-14.9332,1.9872,41,1.1008,2.8043,False
best_book,spreads|A|wired_W3,prior_week,554,0.3863,1.4477,-1.4978,-2.7804,47.7695,-8.1953,271,0.4225,1.5697,-3.1612,-0.5088,1.3697,60,-0.9753,-1.169,1.4477,35,0.4811,2.5095,False
reference,spreads|A|kmulti_minus_tempo,prior_week,554,0.2202,0.789,-3.1969,-6.0593,49.6255,-5.0521,271,0.2638,1.0172,-2.4233,-14.6863,1.2553,3,-0.4189,-0.4255,0.789,1,-0.0788,1.5286,False
best_book,spreads|A|wired_W5,in_week,554,0.3791,1.4596,-1.1926,-2.2927,49.2565,-5.4848,271,0.4446,1.6585,-3.2305,-1.6049,1.3706,58,-0.9653,-1.897,1.4596,33,0.4671,3.0812,False
best_book,totals|C|kmulti_explosive_total,prior_week,557,0.9138,2.5073,0.6778,1.5703,54.0441,3.3622,277,0.7094,2.0124,-1.7801,-1.9049,2.6164,258,-0.2759,9.8392,2.5073,195,-0.2232,1.9076,False
best_book,spreads|B|early_down_eff,prior_week,554,0.4892,1.8186,-0.8648,-1.7871,51.2059,-2.0607,271,0.8506,3.0346,0.7764,-1.8858,1.9204,98,-1.4905,-9.2103,1.8186,41,0.987,2.604,False
reference,spreads|B|explosive_pass,prior_week,554,0.0289,0.107,-4.3388,-8.4133,49.4382,-5.4386,271,0.2454,0.8712,-2.188,-0.588,0.0996,3,-0.4463,-1.4194,0.107,1,-0.0599,1.203,False
reference,spreads|filter|composite_low_disagreement,prior_week,293,0.2014,0.7405,-3.0001,-3.8149,48.5915,-6.728,128,0.0391,0.1635,-4.4895,-11.1579,1.3001,3,-0.4297,-0.4517,0.7405,1,-0.0774,1.5054,False
best_book,spreads|A|series_sustain,prior_week,554,0.5767,2.1285,-0.2556,-0.4273,51.2915,-1.8242,271,0.7066,2.5013,-0.8393,-3.0545,2.189,113,-1.3194,-13.4419,2.1285,46,0.8092,-0.0824,False
reference,spreads|C|wired_W3,prior_week,554,0.0325,0.0983,-4.3701,-9.2112,49.6255,-5.0063,271,0.2454,0.8712,-2.188,-0.588,0.1187,3,-0.451,-1.4306,0.0983,1,-0.0596,1.1989,False
reference,spreads|C|wired_W6,in_week,554,0.0325,0.0983,-4.3701,-9.2112,49.6255,-5.0063,271,0.2454,0.8712,-2.188,-0.588,0.1187,3,-0.451,-1.4306,0.0983,1,-0.0596,1.1989,False
reference,spreads|filter|composite_spread_le_7,prior_week,457,0.2385,0.8393,-3.0625,-5.3764,46.8037,-10.072,217,0.0092,0.037,-4.4646,-11.5693,1.3103,4,-0.4322,-0.4644,0.8393,1,-0.0803,1.5526,False
best_book,totals|A|kmulti_pass_epa_total,prior_week,557,0.8977,2.4386,0.426,0.8619,52.1101,-0.3597,277,0.5199,1.4684,-2.1984,2.3147,2.6441,255,0.1544,6.7872,2.4386,222,-0.6693,3.303,False
best_book,spreads|C|kmulti_minus_qb,prior_week,554,0.6011,2.2245,-0.1673,-0.3244,50.7435,-2.8986,271,0.9151,3.2703,0.9639,-6.4154,2.5343,203,-1.4329,-9.437,2.2245,60,0.9157,-2.1909,False
best_book,spreads|C|opp_adjusted,prior_week,554,0.5857,2.1739,-0.1542,-0.3283,50.9294,-2.6155,271,0.7657,2.7307,-0.0038,-4.2464,2.2795,118,-1.5668,-13.097,2.1739,63,1.0475,1.7059,False
reference,spreads|A|kmulti_minus_drive_scoring,prior_week,554,0.2202,0.7913,-3.314,-6.1651,48.6891,-6.7971,271,0.2638,1.0232,-2.2838,-6.9172,1.3526,4,-0.4425,-0.5112,0.7913,1,-0.0789,1.5297,False
reference,spreads|C|wired_W11,prior_week,554,0.0307,0.1214,-4.3046,-9.0522,50.7491,-2.9041,271,0.2454,0.8712,-2.188,-0.588,0.1651,3,-0.4625,-1.4578,0.1214,1,-0.0603,1.2099,False
reference,spreads|B|lineup_roster,in_week,554,0.0199,0.0754,-4.3083,-10.1714,50.7491,-2.9206,271,0.1863,0.6721,-2.5248,1.5316,0.1854,3,-0.4674,-1.4697,0.0754,1,-0.059,1.188,False
reference,spreads|B|kmulti_drives,prior_week,554,0.0271,0.0871,-4.2877,-8.7925,49.6255,-5.0321,271,0.2454,0.8712,-2.188,-0.588,0.1843,3,-0.4672,-1.4691,0.0871,1,-0.0593,1.1936,False
reference,spreads|C|recent_form,prior_week,554,0.0379,0.1325,-4.3783,-9.9537,50.1873,-4.0531,271,0.2454,0.8712,-2.188,-0.588,0.1874,3,-0.4679,-1.4709,0.1325,1,-0.0606,1.2152,False
reference,spreads|A|kmulti_minus_rush_epa,prior_week,554,0.213,0.7753,-3.2406,-6.037,48.5019,-7.0888,271,0.2823,1.0966,-2.2259,-11.8525,1.3871,4,-0.451,-0.5494,0.7753,1,-0.0784,1.522,False
reference,spreads|B|roster_strength,in_week,554,0.0072,0.0307,-4.3514,-10.1229,50.5618,-3.3185,271,0.2454,0.8712,-2.188,-0.588,0.2028,3,-0.4718,-1.4799,0.0307,1,-0.0578,1.1667,False
best_book,totals|B|kmulti_explosive_total,prior_week,557,0.7594,2.0493,-0.2915,-0.6707,55.1471,5.4577,277,0.3375,0.9426,-2.9514,-6.3792,2.3195,111,-0.1624,8.6901,2.0493,36,-0.369,2.2217,False
best_book,spreads|A|recent_form,prior_week,554,0.3836,1.4369,-1.3205,-2.7894,52.8757,1.4004,271,0.7731,2.8169,-0.7769,-5.2994,1.3276,58,-1.1426,-0.9596,1.4369,32,0.6072,0.7528,False
reference,spreads|C|wired_W2,prior_week,554,0.0397,0.1453,-4.2379,-9.4551,50.1873,-3.9946,271,0.2454,0.8712,-2.188,-0.588,0.2131,4,-0.4746,-1.4891,0.1453,1,-0.0609,1.2213,False
reference,spreads|B|recent_form,prior_week,554,0.0415,0.1462,-4.3216,-9.578,50.1873,-4.0401,271,0.2454,0.8776,-2.225,-1.307,0.2148,4,-0.4751,-1.491,0.1462,1,-0.0609,1.2217,False
reference,spreads|B|kmulti_explosive,prior_week,554,0.0578,0.2071,-4.3048,-8.2603,49.0637,-6.1562,271,0.2454,0.8712,-2.188,-0.588,0.2159,4,-0.4755,-1.4921,0.2071,1,-0.0626,1.2508,False
best_book,totals|C|wired_W5_total,in_week,557,0.8178,2.3326,0.3102,0.745,52.4771,0.4061,277,0.7924,2.2518,-1.2893,-9.8944,2.4657,254,-0.357,9.0298,2.3326,40,-0.1862,-0.3925,False
best_book,totals|C|kmulti_turnover_total,prior_week,557,0.9345,2.5738,0.7241,1.6299,53.8462,3.0026,277,0.704,2.0015,-1.6771,-9.7362,2.77,259,-0.1299,4.6744,2.5738,196,-0.4178,-2.0469,False
reference,spreads|tier|kalman_cover_prob_top25,prior_week,104,0.25,0.8083,-3.2608,-2.227,49.505,-5.2018,40,0.125,0.3927,-2.9036,9.9221,1.7807,4,-0.5481,-0.9852,0.8083,0,0.0,0.0,False
reference,spreads|C|wired_W13,prior_week,554,0.0469,0.1761,-4.1941,-9.3453,50.0,-4.3312,271,0.2454,0.8712,-2.188,-0.588,0.2749,4,-0.4933,-1.5573,0.1761,1,-0.0617,1.236,False
reference,spreads|C|lineup_roster,in_week,554,0.0199,0.0701,-4.3535,-8.9982,49.4382,-5.4284,271,0.1827,0.658,-2.4679,-1.8804,0.0722,3,-0.4396,-1.4033,0.0701,2,-0.1164,1.3735,False
best_book,totals|B|kmulti_minus_k2_total,prior_week,557,0.9255,2.527,0.7201,1.4476,53.945,3.1966,277,0.3646,1.0132,-2.8346,-8.1271,2.9502,256,0.1279,-0.6459,2.527,230,-0.6894,-2.5073,False
reference,spreads|C|wired_W7,prior_week,554,0.0505,0.1883,-4.1632,-9.236,50.5618,-3.3284,271,0.2454,0.8712,-2.2155,0.1165,0.2994,4,-0.5008,-1.5844,0.1883,1,-0.0621,1.2419,False
reference,spreads|B|kmulti_rush_epa,prior_week,554,0.0578,0.2168,-4.1979,-9.9553,49.2509,-5.7997,271,0.2565,0.9192,-2.0829,0.1358,0.3075,4,-0.5032,-1.5932,0.2168,1,-0.0628,1.2555,False
reference,spreads|B|trenches,prior_week,554,-0.0343,-0.1216,-4.8064,-10.7069,49.8127,-4.7179,271,0.2454,0.8712,-2.188,-0.588,-0.1203,2,-0.5156,-2.5909,-0.1216,1,-0.0538,1.0939,False
best_book,totals|B|kmulti_turnover_total,prior_week,557,0.8366,2.2738,0.2011,0.4701,54.6618,4.5951,277,0.3809,1.0714,-2.8708,-0.3567,2.5127,250,-0.1434,6.1398,2.2738,56,-0.4274,2.4956,False
best_book,spreads|A|second_half_eff,prior_week,554,0.5758,2.1141,-0.2818,-0.4965,49.5345,-5.0697,271,0.6033,2.2011,-1.7625,-6.2785,2.2515,111,-1.7501,-13.2868,2.1141,45,1.1759,-0.2683,False
reference,spreads|C|nfelo_qb_adjustment,third_party_bulk,554,0.0343,0.1076,-4.2969,-9.3279,49.8127,-4.7565,271,0.1974,0.6797,-2.5741,0.7742,0.1197,3,-0.4512,-1.4312,0.1076,2,-0.123,1.4095,False
reference,spreads|B|rush_eff_matchup,prior_week,554,-0.0217,-0.0779,-4.6236,-10.0739,50.0,-4.3555,271,0.2454,0.8712,-2.188,-0.588,-0.0969,2,-0.5223,-2.6152,-0.0779,1,-0.0549,1.1148,False
best_book,spreads|baseline|always_away,prior_week,554,0.4386,1.6067,-1.0738,-2.122,52.037,-0.0821,271,0.3561,1.3314,-4.1149,-6.2905,1.384,57,0.3171,14.9532,1.6067,31,-0.8946,1.9069,False
best_book,spreads|A|kalman_score_epa,prior_week,554,0.63,2.3139,-0.0039,-0.0084,50.1859,-3.8692,271,0.81,2.9007,-0.2086,-4.9122,2.3751,125,-1.1929,-4.7384,2.3139,64,0.6149,-3.0618,False
best_book,spreads|A|dynamic_state,prior_week,554,0.5253,1.9315,-0.7041,-1.5572,48.9796,-6.163,271,0.7989,2.8271,0.0175,-8.2435,1.985,107,-1.2153,-4.9742,1.9315,42,0.629,-2.4856,False
best_book,totals|A|kmulti_minus_success_total,prior_week,557,0.8968,2.4317,0.3168,0.6242,53.945,3.092,277,0.6462,1.8257,-1.6902,-2.1761,2.7324,254,-0.1379,10.1729,2.4317,216,-0.4489,1.5193,False
reference,spreads|B|nfelo_qb_adjustment,third_party_bulk,554,0.0505,0.1817,-4.0931,-9.6917,50.0,-4.4192,271,0.2454,0.8712,-2.188,-0.588,0.3857,4,-0.527,-1.6796,0.1817,1,-0.0619,1.2387,False
reference,spreads|B|explosive,prior_week,554,0.0758,0.2565,-4.1199,-7.6421,49.0637,-6.182,271,0.2454,0.8712,-2.188,-0.588,0.3924,4,-0.529,-1.687,0.2565,1,-0.0639,1.2744,False
best_book,totals|B|kmulti_minus_explosive_total,prior_week,557,0.9183,2.5069,0.6722,1.3142,53.578,2.5343,277,0.3285,0.919,-2.9365,-9.7719,2.7098,259,0.3015,8.4559,2.5069,235,-0.8986,-0.8922,False
best_book,totals|A|kmulti_success_total,prior_week,557,0.9219,2.5111,0.501,1.053,51.9196,-0.7646,277,0.435,1.2289,-2.5591,7.1069,2.9095,257,-0.0296,6.6082,2.5111,222,-0.5719,4.2587,False
reference,spreads|B|kmulti_drive_scoring,prior_week,554,0.0686,0.2491,-4.0871,-8.7089,50.9363,-2.6756,271,0.238,0.8557,-2.2482,-1.2894,0.4215,4,-0.5379,-1.7191,0.2491,1,-0.0637,1.2709,False
reference,spreads|B|melo,prior_week,554,0.0686,0.2613,-4.0248,-9.1977,49.6255,-5.0632,271,0.2454,0.8712,-2.188,-0.588,0.4458,4,-0.5453,-1.746,0.2613,1,-0.0641,1.2767,False
reference,spreads|B|availability,in_week,546,0.0623,0.2394,-3.99,-9.0838,52.2814,-0.1562,259,0.2317,0.8195,-2.2258,-2.5742,0.4514,4,-0.547,-1.7521,0.2394,1,-0.0635,1.2662,False
reference,spreads|B|kmulti_tempo,prior_week,554,0.0758,0.2724,-4.0142,-8.5203,49.2509,-5.7859,271,0.1974,0.6792,-2.4711,-1.9102,0.4683,4,-0.5521,-1.7707,0.2724,1,-0.0644,1.282,False
reference,spreads|C|explosive_pass,prior_week,554,0.074,0.263,-4.0673,-8.5715,50.1873,-4.0643,271,0.238,0.8398,-2.2543,0.1133,0.485,4,-0.5572,-1.7891,0.263,1,-0.0641,1.2775,False
reference,spreads|C|kmulti_tempo,prior_week,554,0.0794,0.2872,-4.0523,-8.5793,50.3745,-3.7131,271,0.2454,0.8712,-2.188,-0.588,0.498,4,-0.5612,-1.8035,0.2872,1,-0.0648,1.2891,False
best_book,spreads|A|kmulti_drives,prior_week,554,0.4377,1.6275,-0.969,-1.876,49.8141,-4.4088,271,0.4945,1.8301,-2.6918,-1.451,1.5618,87,-1.0145,-5.8689,1.6275,36,0.3879,0.9568,False
reference,spreads|C|wired_W10,prior_week,554,0.0776,0.2893,-3.9711,-8.5694,50.3745,-3.6745,271,0.2454,0.8712,-2.188,-0.588,0.5021,4,-0.5624,-1.8081,0.2893,1,-0.0648,1.2901,False
reference,spreads|B|sim,prior_week,553,0.0814,0.2955,-4.0289,-8.4837,50.0938,-4.2372,271,0.297,1.0462,-1.8765,1.5516,0.5153,4,-0.5665,-1.8226,0.2955,1,-0.065,1.293,False
reference,spreads|B|kmulti_field_position,prior_week,554,0.074,0.2693,-4.0092,-8.2362,50.1873,-4.0516,271,0.2454,0.8712,-2.188,-0.588,0.5289,4,-0.5706,-1.8376,0.2693,1,-0.0643,1.2805,False
best_book,spreads|A|early_down_eff,prior_week,554,0.4856,1.792,-0.8718,-2.1238,54.2435,3.7367,271,0.6402,2.2613,-1.2241,-7.5333,1.9138,95,-1.2505,-1.0241,1.792,40,0.6147,1.7558,False
reference,spreads|C|field_position,prior_week,554,0.083,0.3026,-4.0154,-8.5085,50.1873,-4.0577,271,0.2454,0.8712,-2.188,-0.588,0.5289,4,-0.5706,-1.8376,0.3026,1,-0.0652,1.2964,False
reference,spreads|C|kmulti_drives,prior_week,554,0.083,0.3026,-4.0154,-8.5085,50.1873,-4.0577,271,0.2454,0.8712,-2.188,-0.588,0.5289,4,-0.5706,-1.8376,0.3026,1,-0.0652,1.2964,False
reference,spreads|C|kmulti_field_position,prior_week,554,0.083,0.3026,-4.0154,-8.5085,50.1873,-4.0577,271,0.2454,0.8712,-2.188,-0.588,0.5289,4,-0.5706,-1.8376,0.3026,1,-0.0652,1.2964,False
reference,spreads|C|kmulti_rush_epa,prior_week,554,0.083,0.3026,-4.0154,-8.5085,50.1873,-4.0577,271,0.2454,0.8712,-2.188,-0.588,0.5289,4,-0.5706,-1.8376,0.3026,1,-0.0652,1.2964,False
reference,spreads|C|kmulti_turnover,prior_week,554,0.083,0.3026,-4.0154,-8.5085,50.1873,-4.0577,271,0.2454,0.8712,-2.188,-0.588,0.5289,4,-0.5706,-1.8376,0.3026,1,-0.0652,1.2964,False
reference,spreads|A|market_regression,opener,554,0.083,0.3026,-4.0154,-8.5085,50.1873,-4.0577,271,0.131,0.4624,-3.0496,-6.1672,0.5289,4,-0.5706,-1.8376,0.3026,1,-0.0652,1.2964,False
reference,spreads|C|point_diff,prior_week,554,0.083,0.3026,-4.0154,-8.5085,50.1873,-4.0577,271,0.2454,0.8712,-2.188,-0.588,0.5289,4,-0.5706,-1.8376,0.3026,1,-0.0652,1.2964,False
reference,spreads|C|pressure_response,prior_week,554,0.083,0.3026,-4.0154,-8.5085,50.1873,-4.0577,271,0.2454,0.8712,-2.188,-0.588,0.5289,4,-0.5706,-1.8376,0.3026,1,-0.0652,1.2964,False
reference,spreads|C|python_unified,prior_week,554,0.083,0.3026,-4.0154,-8.5085,50.1873,-4.0577,271,0.2454,0.8712,-2.188,-0.588,0.5289,4,-0.5706,-1.8376,0.3026,1,-0.0652,1.2964,False
reference,spreads|C|rest_travel,prior_week,554,0.083,0.3026,-4.0154,-8.5085,50.1873,-4.0577,271,0.2454,0.8712,-2.188,-0.588,0.5289,4,-0.5706,-1.8376,0.3026,1,-0.0652,1.2964,False
reference,spreads|C|roster_strength,in_week,554,0.083,0.3026,-4.0154,-8.5085,50.1873,-4.0577,271,0.2454,0.8712,-2.188,-0.588,0.5289,4,-0.5706,-1.8376,0.3026,1,-0.0652,1.2964,False
reference,spreads|C|rush_eff_matchup,prior_week,554,0.083,0.3026,-4.0154,-8.5085,50.1873,-4.0577,271,0.2454,0.8712,-2.188,-0.588,0.5289,4,-0.5706,-1.8376,0.3026,1,-0.0652,1.2964,False
reference,spreads|C|situational,prior_week,554,0.083,0.3026,-4.0154,-8.5085,50.1873,-4.0577,271,0.2454,0.8712,-2.188,-0.588,0.5289,4,-0.5706,-1.8376,0.3026,1,-0.0652,1.2964,False
reference,spreads|C|trenches,prior_week,554,0.083,0.3026,-4.0154,-8.5085,50.1873,-4.0577,271,0.2454,0.8712,-2.188,-0.588,0.5289,4,-0.5706,-1.8376,0.3026,1,-0.0652,1.2964,False
reference,spreads|C|turnover_regressed,prior_week,554,0.083,0.3026,-4.0154,-8.5085,50.1873,-4.0577,271,0.2454,0.8712,-2.188,-0.588,0.5289,4,-0.5706,-1.8376,0.3026,1,-0.0652,1.2964,False
reference,spreads|B|wired_W11,prior_week,554,0.083,0.3026,-4.0154,-8.5085,50.1873,-4.0577,271,0.2491,0.8797,-2.2681,-3.3559,0.5289,4,-0.5706,-1.8376,0.3026,1,-0.0652,1.2964,False
reference,spreads|B|wired_W12,prior_week,554,0.083,0.3026,-4.0154,-8.5085,50.1873,-4.0577,271,0.2048,0.7315,-2.4931,1.5438,0.5289,4,-0.5706,-1.8376,0.3026,1,-0.0652,1.2964,False
reference,spreads|C|wired_W12,prior_week,554,0.083,0.3026,-4.0154,-8.5085,50.1873,-4.0577,271,0.2454,0.8712,-2.188,-0.588,0.5289,4,-0.5706,-1.8376,0.3026,1,-0.0652,1.2964,False
reference,spreads|B|wired_W2,prior_week,554,0.083,0.3026,-4.0154,-8.5085,50.1873,-4.0577,271,0.2454,0.8712,-2.188,-0.588,0.5289,4,-0.5706,-1.8376,0.3026,1,-0.0652,1.2964,False
reference,spreads|B|wired_W3,prior_week,554,0.083,0.3026,-4.0154,-8.5085,50.1873,-4.0577,271,0.1273,0.4474,-3.1292,-6.8748,0.5289,4,-0.5706,-1.8376,0.3026,1,-0.0652,1.2964,False
reference,spreads|B|wired_W5,in_week,554,0.083,0.3026,-4.0154,-8.5085,50.1873,-4.0577,271,0.1273,0.4459,-3.1276,-4.7521,0.5289,4,-0.5706,-1.8376,0.3026,1,-0.0652,1.2964,False
reference,spreads|B|wired_W6,in_week,554,0.083,0.3026,-4.0154,-8.5085,50.1873,-4.0577,271,0.2048,0.7074,-2.6433,-4.0909,0.5289,4,-0.5706,-1.8376,0.3026,1,-0.0652,1.2964,False
reference,spreads|B|wired_W7,prior_week,554,0.083,0.3026,-4.0154,-8.5085,50.1873,-4.0577,271,0.2454,0.8712,-2.188,-0.588,0.5289,4,-0.5706,-1.8376,0.3026,1,-0.0652,1.2964,False
reference,spreads|B|wired_W9,prior_week,554,0.083,0.3026,-4.0154,-8.5085,50.1873,-4.0577,271,0.2454,0.8712,-2.188,-0.588,0.5289,4,-0.5706,-1.8376,0.3026,1,-0.0652,1.2964,False
reference,spreads|baseline|always_home,prior_week,554,0.083,0.3026,-4.0154,-8.5085,50.1873,-4.0577,271,0.2454,0.8712,-2.188,-0.588,0.5289,4,-0.5706,-1.8376,0.3026,1,-0.0652,1.2964,False
reference,spreads|C|explosive,prior_week,554,0.0921,0.3164,-3.9611,-8.2314,50.0,-4.4288,271,0.1199,0.4525,-2.9993,-2.0035,0.5289,4,-0.5706,-1.8376,0.3164,1,-0.0656,1.303,False
reference,spreads|B|wired_W13,prior_week,554,0.0866,0.318,-3.9801,-8.5443,50.0,-4.3951,271,0.2565,0.916,-2.0842,-1.9969,0.5289,4,-0.5706,-1.8376,0.318,1,-0.0656,1.3038,False
reference,spreads|C|kmulti_explosive,prior_week,554,0.1209,0.4362,-3.7085,-7.9301,49.8127,-4.7782,271,0.1052,0.3888,-3.3705,-1.3407,0.5289,4,-0.5706,-1.8376,0.4362,1,-0.0689,1.3602,False
reference,spreads|B|second_half_eff,prior_week,554,0.0884,0.3226,-3.9572,-7.8405,50.5618,-3.3489,271,0.2454,0.8712,-2.188,-0.588,0.5691,4,-0.5829,-1.8819,0.3226,1,-0.0657,1.306,False
best_book,spreads|C|epa_net,prior_week,554,0.5596,2.0799,-0.3294,-0.7209,51.3966,-1.7088,271,0.7841,2.788,0.1918,-1.8684,2.1211,109,-1.5563,-9.6548,2.0799,48,0.9068,2.4761,False
reference,spreads|A|kmulti_qb,prior_week,554,0.009,0.0262,-4.5647,-9.4132,48.6891,-6.7355,271,0.1605,0.5887,-3.0851,-3.9953,0.2919,4,-0.611,-2.3095,0.0262,1,-0.0511,0.1649,False
reference,spreads|B|point_diff,prior_week,554,0.0289,0.1024,-4.3952,-10.2699,50.5618,-3.3617,271,0.2454,0.8712,-2.188,-0.588,0.2048,2,-0.6085,-2.9276,0.1024,1,-0.0598,1.2009,False
best_book,spreads|C|early_down_eff,prior_week,554,0.5469,2.0213,-0.5257,-1.1157,52.1336,-0.3439,271,0.8303,2.9503,0.7236,-1.8874,2.1722,111,-1.7559,-12.9464,2.0213,46,1.0858,2.8854,False
reference,spreads|B|massey,prior_week,554,0.0343,0.1301,-4.3559,-10.047,50.5618,-3.3695,271,0.2454,0.8712,-2.188,-0.588,0.2604,3,-0.6273,-3.0122,0.1301,1,-0.0605,1.2141,False
reference,spreads|B|turnover_regressed,prior_week,554,0.0397,0.1419,-4.3092,-9.6053,50.5618,-3.3617,271,0.2454,0.8712,-2.188,-0.588,0.2843,3,-0.6355,-3.049,0.1419,1,-0.0608,1.2197,False
reference,spreads|B|series_sustain,prior_week,554,0.0451,0.1548,-4.2486,-7.996,48.8764,-6.4326,271,0.2454,0.8712,-2.188,-0.588,0.2922,3,-0.6382,-3.0613,0.1548,1,-0.0612,1.2259,False
reference,spreads|C|availability,in_week,546,0.0971,0.3726,-3.6887,-9.3152,50.9506,-2.6557,259,0.0386,0.1791,-3.4689,-3.9357,0.4148,4,-0.5358,-1.7117,0.3726,2,-0.1696,1.6643,False
best_book,spreads|A|melo,prior_week,554,0.4097,1.5271,-1.4862,-3.1725,49.5362,-4.8314,271,0.7288,2.6208,-0.4169,-2.005,1.4107,68,-1.0338,0.7817,1.5271,36,0.3281,2.181,False
best_book,totals|B|kmulti_pass_epa_total,prior_week,557,0.8977,2.4465,0.6086,1.1522,54.3278,3.9543,277,0.3502,0.975,-2.8532,-1.5659,2.748,255,0.0079,7.8948,2.4465,233,-0.7176,1.9896,False
best_book,totals|B|kmulti_success_total,prior_week,557,0.8645,2.3553,0.3641,0.6751,53.211,1.8142,277,0.2202,0.5997,-3.5726,-7.019,2.8453,258,-0.2208,6.5691,2.3553,59,-0.4893,1.5902,False
best_book,spreads|A|kmulti_turnover,prior_week,554,0.4179,1.5741,-1.2524,-2.5161,50.5576,-3.1363,271,0.6697,2.4736,-1.1766,-9.1996,1.5853,87,-1.4103,-4.9671,1.5741,37,0.6913,1.3804,False
reference,spreads|C|success_rate,prior_week,554,0.0903,0.3384,-3.8875,-7.2876,48.3146,-7.4824,271,0.0978,0.3749,-3.2758,-2.0379,0.5289,3,-0.7194,-3.426,0.3384,0,0.0,0.0,False
reference,spreads|A|nfelo_qb_adjustment,third_party_bulk,554,0.0433,0.1562,-4.275,-9.8864,46.8165,-10.1484,271,0.0535,0.1974,-3.7809,2.9911,0.3466,2,-0.6491,-3.0742,0.1562,1,-0.0704,0.2269,False
reference,spreads|C|market_regression,opener,554,0.083,0.3026,-4.0154,-8.5085,50.1873,-4.0577,271,0.0867,0.3089,-3.1828,0.1031,0.5289,4,-0.5706,-1.8376,0.3026,2,-0.1573,1.597,False
reference,spreads|C|second_half_eff,prior_week,554,0.0415,0.1388,-4.2743,-8.7161,47.9401,-8.1954,271,-0.0572,-0.2055,-4.513,-1.3917,0.3766,3,-0.6672,-3.1915,0.1388,1,-0.0607,1.2182,False
best_book,totals|C|pace_total,prior_week,557,0.8743,2.3972,0.4025,0.9438,54.9451,5.0462,277,0.7455,2.115,-1.5017,-6.7165,2.5718,256,-0.6601,8.2452,2.3972,192,-0.0742,-2.1302,False
best_book,totals|B|kmulti_minus_success_total,prior_week,557,0.9417,2.5657,0.7471,1.7301,55.6169,6.3156,277,0.3989,1.1116,-2.7084,-9.1772,2.8971,255,-0.0077,10.3846,2.5657,228,-0.7272,-2.9759,False
reference,spreads|B|pythagorean,prior_week,554,0.0632,0.221,-4.1871,-9.0354,50.1873,-4.0568,271,0.2454,0.8712,-2.188,-0.588,0.399,3,-0.6748,-3.2259,0.221,1,-0.063,1.2575,False
best_book,totals|B|kmulti_drive_scoring_total,prior_week,557,0.8025,2.1782,0.1269,0.2677,55.2294,5.6625,277,0.278,0.7752,-3.2054,-7.0352,2.7366,253,-0.5652,9.6592,2.1782,56,-0.1735,-0.5713,False
reference,spreads|A|pressure_response,prior_week,554,0.0415,0.1263,-4.3407,-8.6627,44.7566,-13.9791,271,-0.0978,-0.3268,-4.8446,-3.3488,0.2231,3,-0.6146,-2.9546,0.1263,2,-0.1263,1.4274,False
reference,spreads|B|kmulti_turnover,prior_week,554,0.065,0.2337,-4.1719,-8.7187,49.4382,-5.4439,271,0.2454,0.8712,-2.188,-0.588,0.4298,3,-0.6854,-3.2735,0.2337,1,-0.0633,1.2635,False
reference,spreads|F|pool,prior_week,554,0.0632,0.2216,-4.0851,-8.4717,49.6255,-5.0902,271,0.2528,0.8714,-2.3951,1.6191,0.4426,3,-0.6898,-3.2931,0.2216,1,-0.063,1.2578,False
reference,spreads|B|kmulti_qb,prior_week,554,0.0397,0.1456,-4.3282,-9.6686,49.6255,-5.0897,271,0.2454,0.8712,-2.188,-0.588,0.4656,3,-0.6977,-3.3286,0.1456,1,-0.0609,1.2215,False
reference,spreads|C|python_football,prior_week,554,0.0758,0.2796,-4.0851,-8.3012,48.8764,-6.4661,271,0.2454,0.8712,-2.1941,0.1165,0.4666,3,-0.698,-3.33,0.2796,1,-0.0646,1.2855,False
reference,spreads|B|success_rate,prior_week,554,0.0884,0.3294,-3.9701,-7.0455,48.8764,-6.4631,271,0.2454,0.8712,-2.188,-0.588,0.48,3,-0.7026,-3.3507,0.3294,1,-0.0659,1.3092,False
best_book,spreads|A|kmulti_field_position,prior_week,554,0.4964,1.8422,-0.7269,-1.4368,48.9758,-6.0869,271,0.559,2.0861,-2.221,-7.0347,1.9207,95,-1.525,-9.8464,1.8422,32,0.7542,3.1838,False
reference,spreads|C|series_sustain,prior_week,554,0.0758,0.2797,-4.0219,-7.9215,49.4382,-5.4224,271,0.179,0.6646,-2.563,-0.5718,0.5289,3,-0.7194,-3.426,0.2797,1,-0.0646,1.2855,False
reference,spreads|B|colley,prior_week,554,0.0776,0.2807,-4.0647,-8.411,50.0,-4.4023,271,0.2491,0.8877,-2.1937,-1.2955,0.5289,3,-0.7194,-3.426,0.2807,1,-0.0646,1.286,False
reference,spreads|B|kmulti_full,prior_week,554,0.0776,0.2807,-4.0512,-8.4428,49.8127,-4.7469,271,0.2011,0.7292,-2.4312,-1.9969,0.5289,3,-0.7194,-3.426,0.2807,1,-0.0646,1.286,False
reference,spreads|B|kmulti_minus_drives,prior_week,554,0.0776,0.2807,-4.0512,-8.4428,49.8127,-4.7469,271,0.2011,0.7292,-2.4312,-1.9969,0.5289,3,-0.7194,-3.426,0.2807,1,-0.0646,1.286,False
reference,spreads|B|kmulti_minus_explosive,prior_week,554,0.0776,0.2807,-4.0512,-8.4428,49.8127,-4.7469,271,0.2011,0.7292,-2.4312,-1.9969,0.5289,3,-0.7194,-3.426,0.2807,1,-0.0646,1.286,False
reference,spreads|B|kmulti_minus_field_position,prior_week,554,0.0776,0.2807,-4.0512,-8.4428,49.8127,-4.7469,271,0.2011,0.7292,-2.4312,-1.9969,0.5289,3,-0.7194,-3.426,0.2807,1,-0.0646,1.286,False
reference,spreads|B|kmulti_minus_k1,prior_week,554,0.0776,0.2807,-4.0512,-8.4428,49.8127,-4.7469,271,0.2454,0.8712,-2.1277,-1.2925,0.5289,3,-0.7194,-3.426,0.2807,1,-0.0646,1.286,False
reference,spreads|B|kmulti_minus_pass_epa,prior_week,554,0.0776,0.2807,-4.0512,-8.4428,49.8127,-4.7469,271,0.2011,0.7292,-2.4312,-1.9969,0.5289,3,-0.7194,-3.426,0.2807,1,-0.0646,1.286,False
reference,spreads|B|kmulti_minus_qb,prior_week,554,0.0776,0.2807,-4.0512,-8.4428,49.8127,-4.7469,271,0.2454,0.8712,-2.1277,-1.2925,0.5289,3,-0.7194,-3.426,0.2807,1,-0.0646,1.286,False
reference,spreads|B|kmulti_minus_rush_epa,prior_week,554,0.0776,0.2807,-4.0512,-8.4428,49.8127,-4.7469,271,0.2454,0.8712,-2.1277,-1.2925,0.5289,3,-0.7194,-3.426,0.2807,1,-0.0646,1.286,False
reference,spreads|B|kmulti_minus_tempo,prior_week,554,0.0776,0.2807,-4.0512,-8.4428,49.8127,-4.7469,271,0.2454,0.8712,-2.1277,-1.2925,0.5289,3,-0.7194,-3.426,0.2807,1,-0.0646,1.286,False
reference,spreads|B|kmulti_minus_turnover,prior_week,554,0.0776,0.2807,-4.0512,-8.4428,49.8127,-4.7469,271,0.2011,0.7292,-2.4312,-1.9969,0.5289,3,-0.7194,-3.426,0.2807,1,-0.0646,1.286,False
reference,spreads|C|kmulti_qb,prior_week,554,0.0776,0.2807,-4.0647,-8.411,50.0,-4.4023,271,0.2454,0.8712,-2.188,-0.588,0.5289,3,-0.7194,-3.426,0.2807,1,-0.0646,1.286,False
reference,spreads|C|massey,prior_week,554,0.0794,0.2865,-4.0463,-8.3176,50.1873,-4.0471,271,0.2454,0.8712,-2.188,-0.588,0.5289,3,-0.7194,-3.426,0.2865,1,-0.0647,1.2887,False
reference,spreads|C|pythagorean,prior_week,554,0.0812,0.2946,-4.0309,-8.3584,50.0,-4.3917,271,0.2454,0.8712,-2.188,-0.588,0.5289,3,-0.7194,-3.426,0.2946,1,-0.065,1.2926,False
best_book,spreads|baseline|always_underdog,prior_week,541,0.4288,1.5644,-1.3698,-2.8142,49.1429,-5.5911,268,0.4851,1.7974,-3.0574,0.1955,1.7019,87,-1.2474,-5.1361,1.5644,33,0.4629,2.4524,False
reference,spreads|C|epa_neutral,prior_week,554,0.083,0.2972,-4.0393,-8.3366,49.8127,-4.7469,271,0.2454,0.8712,-2.188,-0.588,0.5289,3,-0.7194,-3.426,0.2972,1,-0.065,1.2938,False
reference,spreads|B|kmulti_minus_success,prior_week,554,0.0794,0.2888,-4.0358,-8.3811,50.0,-4.4023,271,0.2454,0.8712,-2.188,-0.588,0.5451,3,-0.725,-3.4509,0.2888,1,-0.0648,1.2898,False
best_book,spreads|C|kmulti_minus_drive_scoring,prior_week,554,0.5812,2.1476,-0.3356,-0.7208,51.3966,-1.6507,271,0.9188,3.2825,1.2559,-7.2306,2.4297,199,-1.7501,-7.9725,2.1476,46,0.9542,-1.5333,False
best_book,totals|B|kmulti_k2_total,prior_week,557,0.8662,2.3648,0.3944,0.7759,55.4745,6.1883,277,0.3231,0.9064,-2.9464,-7.6947,2.7309,258,-0.3395,12.2073,2.3648,61,-0.4576,0.5048,False
reference,spreads|C|colley,prior_week,554,0.0848,0.3107,-3.9977,-8.5309,50.3745,-3.6962,271,0.2454,0.8712,-2.188,-0.588,0.589,3,-0.7401,-3.5185,0.3107,1,-0.0654,1.3003,False
reference,spreads|B|blend,mixed,554,0.0903,0.3196,-3.9947,-8.4644,49.6255,-5.0695,271,0.2454,0.8712,-2.188,-0.588,0.5886,3,-0.74,-3.5179,0.3196,1,-0.0657,1.3045,False
best_book,spreads|C|kmulti_minus_k1,prior_week,554,0.6056,2.2313,-0.1573,-0.3301,51.7625,-1.066,271,0.8469,3.0182,0.7064,-6.5298,2.3429,117,-1.3273,-9.4458,2.2313,61,0.5198,-0.5433,False
best_book,totals|B|kmulti_minus_tempo_total,prior_week,557,0.9794,2.6797,0.9365,1.8601,55.0459,5.2398,277,0.3827,1.0637,-2.7456,-10.5935,3.0386,255,0.2314,7.5181,2.6797,232,-1.0467,-7.3244,False
best_book,totals|C|wired_W10_total,prior_week,557,0.9192,2.6258,0.8432,1.755,54.0293,3.3427,277,0.7202,2.0406,-1.689,2.2556,3.2388,262,-0.5574,-3.7902,2.6258,197,-0.2586,6.0571,False
best_book,spreads|A|kmulti_tempo,prior_week,554,0.4648,1.7458,-0.742,-1.6501,49.9072,-4.189,271,0.5443,2.0075,-2.1167,-8.148,1.6141,93,-1.2866,-7.3869,1.7458,39,0.47,0.2512,False
best_book,spreads|A|kalman_score,prior_week,554,0.5623,2.0615,-0.4663,-0.9325,50.2783,-3.7073,271,0.703,2.5318,-0.7241,-4.8702,2.3148,121,-1.5464,-3.409,2.0615,41,0.7269,-1.4084,False
best_book,spreads|A|kmulti_k1,prior_week,554,0.5623,2.0615,-0.4663,-0.9325,50.2783,-3.7073,271,0.703,2.5318,-0.7241,-4.8702,2.3148,121,-1.5464,-3.409,2.0615,41,0.7269,-1.4084,False
best_book,totals|B|kmulti_minus_turnover_total,prior_week,557,1.0018,2.7423,1.0611,2.2171,55.4328,5.9549,277,0.4206,1.1729,-2.539,-10.6158,3.1392,256,0.3134,10.9607,2.7423,232,-1.152,-8.2758,False
best_book,spreads|A|kmulti_minus_k1,prior_week,554,0.6291,2.3174,0.1084,0.2084,49.1682,-5.7416,271,0.8376,3.0177,0.1616,-8.8455,2.5426,214,-1.5161,-10.4571,2.3174,60,0.6743,-1.7544,False
best_book,totals|B|kmulti_minus_drives_total,prior_week,557,0.9838,2.6915,0.9713,2.0018,55.2294,5.5857,277,0.3791,1.0522,-2.8055,-10.5935,3.0386,255,0.323,7.7658,2.6915,231,-1.1663,-6.7686,False
reference,spreads|B|kmulti_success,prior_week,554,0.13,0.4844,-3.6938,-6.8858,49.0637,-6.1216,271,0.2565,0.9029,-2.0412,-1.2865,0.6858,3,-0.7735,-3.6673,0.4844,1,-0.0702,1.3832,False
best_book,spreads|A|wired_W6,in_week,554,0.4783,1.7555,-0.8748,-1.6595,49.3506,-5.3029,271,0.4945,1.8406,-2.3139,-2.3943,1.7673,95,-1.2602,-5.4585,1.7555,34,0.3785,4.6127,False
best_book,totals|B|kmulti_full_total,prior_week,557,0.9767,2.6719,0.9345,1.915,55.5963,6.2788,277,0.3791,1.0522,-2.8055,-10.5935,3.0386,255,0.2098,9.8079,2.6719,231,-1.1028,-6.5323,False
reference,spreads|A|explosive,prior_week,554,0.13,0.4768,-3.8013,-7.6295,47.5655,-8.9348,271,-0.0793,-0.2729,-4.9724,1.4855,0.5207,3,-0.7166,-3.4133,0.4768,2,-0.188,1.7647,False
reference,spreads|A|kmulti_explosive,prior_week,554,0.1245,0.4353,-3.8213,-7.5654,45.8801,-11.964,271,-0.0351,-0.093,-4.6248,0.1359,0.5945,3,-0.742,-3.5269,0.4353,2,-0.1807,1.7247,False
best_book,spreads|A|blend,mixed,554,0.6255,2.3061,-0.1285,-0.2578,52.0295,-0.4535,271,0.9354,3.2866,1.0626,-9.7294,2.56,204,-1.6959,-4.3618,2.3061,66,0.7381,-4.3211,False
best_book,spreads|A|wired_W11,prior_week,554,0.537,1.995,-0.5497,-1.0504,51.3863,-1.5596,271,0.4077,1.562,-2.6508,-7.2402,2.2711,108,-1.4162,-7.4675,1.995,46,0.4292,2.7656,False
best_book,spreads|A|explosive_pass,prior_week,554,0.4395,1.6179,-1.3049,-2.431,46.4684,-10.7196,271,0.476,1.7958,-2.2344,-0.9671,1.6643,98,-1.2396,-8.8928,1.6179,35,0.2263,3.3953,False
best_book,spreads|A|kmulti_pass_epa,prior_week,554,0.5217,1.9148,-0.7789,-1.5525,48.3333,-7.5519,271,0.6033,2.2521,-1.2805,2.5291,1.9484,110,-1.3121,-9.2236,1.9148,35,0.2954,3.019,False
best_book,spreads|A|pass_eff_matchup,prior_week,554,0.4883,1.7931,-0.9868,-2.0067,48.3333,-7.4626,271,0.6974,2.4713,-0.6663,-1.6566,1.8698,101,-1.3102,-7.8438,1.7931,38,0.291,2.8764,False
best_book,spreads|G|pool,prior_week,554,0.6245,2.2943,-0.0962,-0.2007,49.7227,-4.8295,271,0.6937,2.501,-0.6952,-9.2671,2.5376,214,-1.5903,-10.4826,2.2943,60,0.5237,-1.6715,False
best_book,totals|B|kmulti_minus_pass_epa_total,prior_week,557,0.9246,2.5205,0.5725,1.1054,54.4954,4.147,277,0.3646,1.0095,-2.8429,-7.7533,3.0724,256,-0.4252,8.5229,2.5205,231,-0.6827,-3.3432,False
best_book,spreads|A|kmulti_minus_success,prior_week,554,0.5803,2.1249,-0.3324,-0.625,49.9076,-4.4929,271,0.8007,2.8668,-0.178,-11.7719,2.3732,123,-1.2057,-10.5652,2.1249,41,0.0837,-1.467,False
best_book,totals|B|kmulti_minus_field_position_total,prior_week,557,0.9309,2.5444,0.7651,1.6281,54.5788,4.4395,277,0.3664,1.0161,-2.7707,-10.5066,3.1149,257,-0.4476,8.2025,2.5444,233,-0.7003,-4.2188,False
best_book,spreads|A|colley,prior_week,554,0.4513,1.6678,-1.3015,-2.551,51.7625,-0.9266,271,0.6421,2.3723,-1.3392,-1.3553,1.9004,98,-1.6574,-6.257,1.6678,35,0.5057,3.0299,False
best_book,spreads|A|kmulti_minus_drive_scoring,prior_week,554,0.639,2.3513,0.0719,0.1364,50.4638,-3.3153,271,0.8911,3.2223,0.775,-5.7866,2.7553,214,-1.6882,-9.7161,2.3513,61,0.5257,-5.1403,False
best_book,totals|B|kalman_total,prior_week,557,0.8932,2.447,0.5009,0.9915,55.5556,6.3366,277,0.296,0.8257,-3.0845,-3.219,2.8645,259,-0.3797,15.5967,2.447,237,-0.8017,0.5556,False
best_book,spreads|A|kmulti_minus_tempo,prior_week,554,0.6417,2.3542,0.0733,0.1324,51.107,-2.2592,271,0.8875,3.1991,0.607,-13.3771,2.7701,218,-1.8663,-13.2472,2.3542,60,0.6805,-2.6321,False
best_book,spreads|A|turnover_regressed,prior_week,554,0.4007,1.4805,-1.6233,-3.233,52.5046,0.4572,271,0.5535,2.0529,-2.0207,-2.3472,1.6474,91,-1.2608,-0.4586,1.4805,38,0.048,4.9273,False
best_book,totals|B|dynamic_state,prior_week,557,0.8645,2.3731,0.5476,0.949,54.2805,4.0949,277,0.4007,1.1282,-2.6565,0.7728,2.9565,262,-0.7189,7.9774,2.3731,56,-0.5006,1.6694,False
best_book,totals|B|kmulti_minus_drive_scoring_total,prior_week,557,1.0054,2.7502,1.0609,2.3157,55.1471,5.4142,277,0.4242,1.1908,-2.55,-7.8018,3.1688,256,0.0708,8.6249,2.7502,231,-1.2983,-4.8414,False
best_book,spreads|filter|composite_all,prior_week,554,0.6245,2.2949,0.0551,0.1127,50.3717,-3.4475,271,0.6384,2.2632,-1.4845,-9.1345,2.5571,218,-1.9309,-8.2186,2.2949,61,0.6912,-2.1389,False
best_book,spreads|A|epa_neutral,prior_week,554,0.4838,1.7661,-0.8675,-1.7373,51.4815,-1.4868,271,0.703,2.4686,-0.6927,-3.5854,2.0963,102,-1.8346,-7.7482,1.7661,38,0.5562,1.1963,False
best_book,spreads|A|kmulti_minus_qb,prior_week,554,0.6236,2.2895,-0.0622,-0.135,51.0166,-2.3298,271,0.8284,2.9908,0.1492,-9.3298,2.6117,214,-1.7294,-9.2493,2.2895,62,0.3911,-1.4495,False
best_book,spreads|A|kmulti_minus_pass_epa,prior_week,554,0.6101,2.243,-0.1079,-0.1885,49.7227,-4.828,271,0.8395,3.0326,0.2408,-12.3677,2.5919,214,-1.6224,-12.4376,2.243,58,0.1698,-3.4214,False
best_book,spreads|tier|sim_lean_over_sd_top25,prior_week,142,0.5246,1.9219,-0.5908,-0.5042,49.2857,-5.5179,108,0.412,1.4529,-2.4144,-21.1635,3.7325,93,-1.7455,-15.0336,1.9219,17,0.2855,0.7348,False
best_book,spreads|A|kmulti_full,prior_week,554,0.6119,2.2507,-0.0868,-0.1515,49.8155,-4.6639,271,0.8542,3.0883,0.3658,-12.7062,2.6073,215,-1.6415,-12.6176,2.2507,59,0.1768,-3.4782,False
best_book,spreads|A|kmulti_minus_rush_epa,prior_week,554,0.6417,2.361,0.0439,0.0802,50.1845,-3.9614,271,0.9188,3.3069,0.8542,-10.5593,2.88,220,-2.1588,-14.5592,2.361,60,0.694,-2.6995,False
best_book,spreads|C|kmulti_drive_scoring,prior_week,554,0.5731,2.1128,-0.3453,-0.6291,50.0,-4.3044,271,0.8967,3.2039,0.8008,-3.2856,2.4701,200,-2.2438,-14.141,2.1128,45,0.7288,1.3425,False
best_book,spreads|A|kmulti_minus_field_position,prior_week,554,0.6173,2.2725,-0.0511,-0.0886,49.631,-5.0163,271,0.8875,3.2032,0.5669,-11.2973,2.6512,216,-1.6981,-13.134,2.2725,59,0.1786,-3.6395,False
best_book,spreads|A|situational,prior_week,554,0.5099,1.9059,-0.4537,-0.9346,49.3506,-5.2766,271,0.4963,1.7762,-2.4513,-0.3114,2.1552,110,-1.7952,-13.4692,1.9059,37,0.255,0.7477,False
best_book,spreads|A|kmulti_minus_explosive,prior_week,554,0.6056,2.2309,-0.0436,-0.0778,49.353,-5.411,271,0.8321,3.0012,0.1874,-12.3677,2.605,214,-1.7136,-13.2804,2.2309,58,0.1697,-3.3323,False
best_book,spreads|A|sim,prior_week,553,0.4222,1.5681,-1.2274,-2.2938,51.3915,-1.4032,271,0.4945,1.8052,-2.2565,-10.5392,1.9124,103,-1.6863,0.9031,1.5681,40,0.1345,1.2843,False
best_book,spreads|A|kmulti_minus_drives,prior_week,554,0.611,2.2462,-0.1037,-0.1783,49.631,-5.0163,271,0.8542,3.0883,0.3658,-12.7062,2.6358,216,-1.7562,-13.6677,2.2462,59,0.1764,-3.4454,False
best_book,spreads|filter|composite_spread_le_7,prior_week,457,0.6652,2.4328,0.2272,0.3696,49.7738,-4.5547,217,0.659,2.3787,-1.3833,-9.9243,2.8393,184,-2.418,-11.0084,2.4328,123,0.8007,-3.489,False
best_book,spreads|A|kmulti_drive_scoring,prior_week,554,0.5253,1.9297,-0.6723,-1.3929,48.513,-7.0425,271,0.6587,2.4395,-1.0867,-9.8748,2.2239,115,-2.0081,-10.9299,1.9297,41,0.3792,2.5444,False
best_book,spreads|A|kmulti_minus_turnover,prior_week,554,0.6182,2.2723,-0.0441,-0.0761,50.0,-4.3209,271,0.8469,3.0568,0.3123,-12.7062,2.6512,218,-1.822,-11.1533,2.2723,59,0.1786,-3.6378,False
best_book,spreads|A|massey,prior_week,554,0.4251,1.5727,-1.4351,-2.8852,51.487,-1.4747,271,0.5406,2.0118,-1.9224,-0.9099,1.8708,93,-1.6956,-4.5991,1.5727,39,0.0297,5.1891,False
best_book,spreads|A|point_diff,prior_week,554,0.4449,1.6463,-1.3118,-2.7021,51.0204,-2.3707,271,0.583,2.1655,-1.7916,-1.6025,1.942,95,-1.7173,-5.3741,1.6463,38,-0.0031,5.072,False
best_book,spreads|A|pythagorean,prior_week,554,0.4422,1.6264,-1.3425,-2.7072,51.3915,-1.6783,271,0.5554,2.0662,-1.9292,-0.8578,1.9791,96,-1.7795,-6.077,1.6264,38,0.0032,5.0547,False
best_book,spreads|filter|composite_low_disagreement,prior_week,293,0.6024,2.2591,0.2215,0.2755,51.2111,-1.5218,128,0.5781,2.2019,-2.0085,-9.8591,2.6224,109,-1.7831,-2.7043,2.2591,33,-0.0025,0.2452,False
best_book,spreads|A|drive_eff,prior_week,554,0.537,1.9547,-0.545,-1.0915,50.2783,-3.7508,271,0.7583,2.6984,-0.5613,-6.6687,2.3629,122,-2.1044,-15.2017,1.9547,40,0.2462,3.1502,False
best_book,spreads|filter|composite_both_filters,prior_week,278,0.5863,2.1857,0.0405,0.0481,51.4599,-1.0585,126,0.631,2.3718,-1.7204,-8.4283,2.571,99,-1.9079,-0.5487,2.1857,32,0.0139,0.2714,False
best_book,spreads|A|epa_net,prior_week,554,0.5605,2.0536,-0.4068,-0.825,50.0,-4.2271,271,0.6439,2.306,-1.4307,-5.3081,2.36,123,-2.2999,-10.9096,2.0536,40,0.0798,-2.2283,False
